Nome,Data,Hora,Endereço,Link
"FURACÃO DO ALTO",27/01/2024,08:00,"RUA FERNAO DIAS, 3313, Alto Vera Cruz","https://portalbelohorizonte.com.br/carnaval/2024/programacao/bloco-de-rua/desfile/furacao-do-alto"
"TCHANZINHO ZONA NORTE",27/01/2024,09:00,"RUA LIBERO BADARO, 519, Santa Rosa","https://portalbelohorizonte.com.br/carnaval/2024/programacao/bloco-de-rua/desfile/tchanzinho-zona-norte"
"BASTIDORES DA GRAXINHA",27/01/2024,10:00,"RUA DA BAHIA, 15, Centro","https://portalbelohorizonte.com.br/carnaval/2024/programacao/bloco-de-rua/desfile/bastidores-da-graxinha"
"CARNATRANCE CARIBBEAN",27/01/2024,10:00,"RUA PROFESSOR AMARO XISTO DE QUEIROZ, 80, União","https://portalbelohorizonte.com.br/carnaval/2024/programacao/bloco-de-rua/desfile/carnatrance-caribbean"
"TREMA NA LINGUIÇA",27/01/2024,11:00,"RUA BENVINDA DE CARVALHO, 277, Santo Antônio","https://portalbelohorizonte.com.br/carnaval/2024/programacao/bloco-de-rua/desfile/trema-na-linguica"
"PASSISTAS SHOW BH",27/01/2024,12:00,"RUA MINISTRO OLIVEIRA SALAZAR, 470, Santa Mônica","https://portalbelohorizonte.com.br/carnaval/2024/programacao/bloco-de-rua/desfile/passistas-show-bh"
"BLOCO CEFET COM BANANA",27/01/2024,12:00,"AVENIDA BRASIL, 1145, Funcionários","https://portalbelohorizonte.com.br/carnaval/2024/programacao/bloco-de-rua/desfile/bloco-cefet-com-banana"
"TREM NA CABEÇA",27/01/2024,12:00,"AVENIDA BERNARDO MONTEIRO, 1556, Funcionários","https://portalbelohorizonte.com.br/carnaval/2024/programacao/bloco-de-rua/desfile/trem-na-cabeca-15949"
"ANOS 80",27/01/2024,13:00,"RUA ARACATI, 122, Nova Suissa","https://portalbelohorizonte.com.br/carnaval/2024/programacao/bloco-de-rua/desfile/anos-80"
"CORRE PRA SAMBAR",27/01/2024,13:00,"AVENIDA CELSO PORFIRIO MACHADO, 141, Belvedere","https://portalbelohorizonte.com.br/carnaval/2024/programacao/bloco-de-rua/desfile/corre-pra-sambar"
"BLOCO DO KANELLA",27/01/2024,13:00,"AVENIDA CRISTOVAO COLOMBO, 152, Savassi","https://portalbelohorizonte.com.br/carnaval/2024/programacao/bloco-de-rua/desfile/bloco-do-kanella"
"KONTRA",27/01/2024,13:00,"RUA IBIRACI, 198, Salgado Filho","https://portalbelohorizonte.com.br/carnaval/2024/programacao/bloco-de-rua/desfile/kontra"
"BLOCO TAPA DE MINA",27/01/2024,13:00,"RUA MARIA CARMEM VALADARES, 194, Santa Efigênia","https://portalbelohorizonte.com.br/carnaval/2024/programacao/bloco-de-rua/desfile/bloco-tapa-de-mina"
"BLOCO SÓ NÃO VAI QUEM JÁ MORREU",27/01/2024,13:00,"RUA PERNAMBUCO, 473, Savassi","https://portalbelohorizonte.com.br/carnaval/2024/programacao/bloco-de-rua/desfile/bloco-so-nao-vai-quem-ja-morreu"
"BLOCO DO MAGRELA FEIO",27/01/2024,13:00,"RUA ITANHANDU, 17, Carlos Prates","https://portalbelohorizonte.com.br/carnaval/2024/programacao/bloco-de-rua/desfile/bloco-do-magrela-feio-15991"
"BLOCO ENCANTADO",27/01/2024,13:00,"RUA DONA MARIA IGNEZ, 204, Floresta","https://portalbelohorizonte.com.br/carnaval/2024/programacao/bloco-de-rua/desfile/bloco-encantado"
"BLOCODOEMBAIXADOR",27/01/2024,14:00,"AVENIDA ANTONIO ABRAHAO CARAM, 996, São José","https://portalbelohorizonte.com.br/carnaval/2024/programacao/bloco-de-rua/desfile/blocodoembaixador"
"BLOCO VEXAME",27/01/2024,14:00,"RUA MODINHA, 16, Santa Amélia","https://portalbelohorizonte.com.br/carnaval/2024/programacao/bloco-de-rua/desfile/bloco-vexame-15630"
"SAGRADA PROFANA",27/01/2024,14:00,"RUA AARAO REIS, 570, Centro","https://portalbelohorizonte.com.br/carnaval/2024/programacao/bloco-de-rua/desfile/sagrada-profana"
"MAIS FELIZ QUE PINTO NO LIXO",27/01/2024,14:30,"RUA CATANDUVA, 360, Renascença","https://portalbelohorizonte.com.br/carnaval/2024/programacao/bloco-de-rua/desfile/mais-feliz-que-pinto-no-lixo-15973"
"SAMBA DAS INDÔMITAS",27/01/2024,14:30,"RUA OUTONO, 545, Cruzeiro","https://portalbelohorizonte.com.br/carnaval/2024/programacao/bloco-de-rua/desfile/samba-das-indomitas"
"CARNA KOLPING",27/01/2024,15:00,"RUA BARBOSA, 304, São Salvador","https://portalbelohorizonte.com.br/carnaval/2024/programacao/bloco-de-rua/desfile/carna-kolping"
"TAMBORINS TANTÃS",27/01/2024,15:30,"AVENIDA AUGUSTO DE LIMA, 744, Centro","https://portalbelohorizonte.com.br/carnaval/2024/programacao/bloco-de-rua/desfile/tamborins-tantas"
"BLOCO DO MÔ FIO",27/01/2024,16:00,"RUA GUAIRA, 300, Caiçaras","https://portalbelohorizonte.com.br/carnaval/2024/programacao/bloco-de-rua/desfile/bloco-do-mo-fio"
"BLOCO BURACO DA MINHOCA",27/01/2024,16:00,"RUA MATIAS BARBOSA, 26, Floresta","https://portalbelohorizonte.com.br/carnaval/2024/programacao/bloco-de-rua/desfile/bloco-buraco-da-minhoca"
"GAROTA EU DESÇO A CALIFÓRNIA",28/01/2024,08:30,"PRACA DEPUTADO RENATO AZEREDO, 260, Sion","https://portalbelohorizonte.com.br/carnaval/2024/programacao/bloco-de-rua/desfile/garota-eu-desco-a-california"
"BLOCO BRUTA FLOR",28/01/2024,10:00,"RUA DA BAHIA, 19, Centro","https://portalbelohorizonte.com.br/carnaval/2024/programacao/bloco-de-rua/desfile/bloco-bruta-flor"
"QUERUBLOCO",28/01/2024,10:00,"RUA NOVA ERA, 351, Acaba Mundo","https://portalbelohorizonte.com.br/carnaval/2024/programacao/bloco-de-rua/desfile/querubloco"
"BLOCO ALFORRIADO MATIAS",28/01/2024,10:00,"RUA OLARIA DO BARREIRO, 423, Olaria","https://portalbelohorizonte.com.br/carnaval/2024/programacao/bloco-de-rua/desfile/bloco-alforriado-matias"
"AVACALHADOS DO BODE",28/01/2024,10:00,"RUA DAS EMAS, 155, Vila Clóris","https://portalbelohorizonte.com.br/carnaval/2024/programacao/bloco-de-rua/desfile/avacalhados-do-bode"
"BABADAN BANDA DE RUA",28/01/2024,11:00,"PRACA QUINZE DE JUNHO, 23, Bonfim","https://portalbelohorizonte.com.br/carnaval/2024/programacao/bloco-de-rua/desfile/babadan-banda-de-rua-16259"
"BLOCO AFRO FILHOS DAS ÁGUAS",28/01/2024,11:00,"RUA ITARARE, 522, Concórdia","https://portalbelohorizonte.com.br/carnaval/2024/programacao/bloco-de-rua/desfile/bloco-afro-filhos-das-aguas"
"BLOCO PÉ COM PÉ",28/01/2024,12:00,"PRACA DA COMUNIDADE, 90, Dom Cabral","https://portalbelohorizonte.com.br/carnaval/2024/programacao/bloco-de-rua/desfile/bloco-pe-com-pe"
"BLOCO ENTRE AMIGOS E MIRAGO",28/01/2024,12:00,"RUA CAPIM BRANCO, 450, Vista Alegre","https://portalbelohorizonte.com.br/carnaval/2024/programacao/bloco-de-rua/desfile/bloco-entre-amigos-e-mirago"
"ALEGRIA ALEGRIA",28/01/2024,12:00,"PRACA DA BANDEIRA, 166, Cruzeiro","https://portalbelohorizonte.com.br/carnaval/2024/programacao/bloco-de-rua/desfile/alegria-alegria-16193"
"BLOCO MENINOS DO MORRO",28/01/2024,12:30,"RUA FAGUNDES VARELA, 98, Lagoinha","https://portalbelohorizonte.com.br/carnaval/2024/programacao/bloco-de-rua/desfile/bloco-meninos-do-morro"
"BLOCO CHEIA DE MANIAS",28/01/2024,12:30,"RUA GUANABARA, 354, Concórdia","https://portalbelohorizonte.com.br/carnaval/2024/programacao/bloco-de-rua/desfile/bloco-cheia-de-manias"
"CARNA ROCK SK8",28/01/2024,13:00,"RUA BRAGANCA, 8, Coqueiros","https://portalbelohorizonte.com.br/carnaval/2024/programacao/bloco-de-rua/desfile/carna-rock-sk8"
"KIKO LINDO, O BLOCO",28/01/2024,14:00,"RUA JOSE BENJAMIM DE CASTRO, 58, Campo Alegre","https://portalbelohorizonte.com.br/carnaval/2024/programacao/bloco-de-rua/desfile/kiko-lindo-o-bloco"
"PATANGOME MARACARTE E BLOCO MARACARTE",28/01/2024,14:00,"AVENIDA AUGUSTO DE LIMA, 1913, Barro Preto","https://portalbelohorizonte.com.br/carnaval/2024/programacao/bloco-de-rua/desfile/patangome-maracarte-e-bloco-maracarte"
"DUBAI DAS INDUSTRIAS",28/01/2024,14:00,"RUA JUIZ ELYZEU JARDIM, 177, Bairro das Indústrias I","https://portalbelohorizonte.com.br/carnaval/2024/programacao/bloco-de-rua/desfile/dubai-das-industrias-16312"
"MOVAT BH",28/01/2024,14:00,"RUA RIO DE JANEIRO, 700, Centro","https://portalbelohorizonte.com.br/carnaval/2024/programacao/bloco-de-rua/desfile/movat-bh"
"AXE DE LÁ 90",28/01/2024,14:00,"AVENIDA GUARAPARI, 1245, Santa Amélia","https://portalbelohorizonte.com.br/carnaval/2024/programacao/bloco-de-rua/desfile/axe-de-la-90-15890"
"BRÓKIO DO XAI-XAI",28/01/2024,14:00,"RUA SANTA RITA DURAO, 1216, Savassi","https://portalbelohorizonte.com.br/carnaval/2024/programacao/bloco-de-rua/desfile/brokio-do-xai-xai"
"BLOCO POPULAR",28/01/2024,15:00,"RUA CARATIA, 110, Aparecida","https://portalbelohorizonte.com.br/carnaval/2024/programacao/bloco-de-rua/desfile/bloco-popular"
"BLOCO GOIANEIROS",28/01/2024,16:00,"AVENIDA CLARA NUNES, 150, Renascença","https://portalbelohorizonte.com.br/carnaval/2024/programacao/bloco-de-rua/desfile/bloco-goianeiros"
"BLOCO DE CARNAVAL 7LC",28/01/2024,17:00,"RUA SILVA ALVARENGA, 9750, São Geraldo","https://portalbelohorizonte.com.br/carnaval/2024/programacao/bloco-de-rua/desfile/bloco-de-carnaval-7lc"
"ABAFRO-MG ASSOCIAÇÃO DE BLOCOS AFROS DE MINAS GERAIS",02/02/2024,14:00,"PRACA ALBERTO DALVA SIMAO, 150, São Luíz","https://portalbelohorizonte.com.br/carnaval/2024/programacao/bloco-de-rua/desfile/abafro-mg-associacao-de-blocos-afros-de-minas-gerais"
"BLOCO DA MIROCA",02/02/2024,15:00,"RUA CORONEL FULGENCIO, 196, São Lucas","https://portalbelohorizonte.com.br/carnaval/2024/programacao/bloco-de-rua/desfile/bloco-da-miroca"
"BLOCO NA CADÊNCIA DO SAMBA",02/02/2024,17:00,"RUA SENHORA DA CONCEICAO, 931, Cachoeirinha","https://portalbelohorizonte.com.br/carnaval/2024/programacao/bloco-de-rua/desfile/bloco-na-cadencia-do-samba"
"ABRE TE SÉSAMO",02/02/2024,19:00,"AVENIDA AFONSO PENA, 378, Centro","https://portalbelohorizonte.com.br/carnaval/2024/programacao/bloco-de-rua/desfile/abre-te-sesamo"
"FLOR & AMAR",02/02/2024,19:00,"RUA DOS IMBIRAS, 267, Floramar","https://portalbelohorizonte.com.br/carnaval/2024/programacao/bloco-de-rua/desfile/flor-and-amar"
"FRUTO PROIBIDO",03/02/2024,08:00,"RUA CONSELHEIRO ROCHA, 41, Vila Dias","https://portalbelohorizonte.com.br/carnaval/2024/programacao/bloco-de-rua/desfile/fruto-proibido"
"ANDACUNFÉ",03/02/2024,09:00,"RUA PIRITE, 95, Santa Tereza","https://portalbelohorizonte.com.br/carnaval/2024/programacao/bloco-de-rua/desfile/andacunfe"
"BLOCO FERA NENÉM",03/02/2024,09:00,"RUA DOS DOMINICANOS, 44, Serra","https://portalbelohorizonte.com.br/carnaval/2024/programacao/bloco-de-rua/desfile/bloco-fera-nenem"
"AURORA PELADA",03/02/2024,09:00,"RUA MADRE CANDIDA, 10, Coração de Jesus","https://portalbelohorizonte.com.br/carnaval/2024/programacao/bloco-de-rua/desfile/aurora-pelada"
"BLOCO DO COPO CHEIO",03/02/2024,09:00,"PRACA NOVA YORK, 18, Sion","https://portalbelohorizonte.com.br/carnaval/2024/programacao/bloco-de-rua/desfile/bloco-do-copo-cheio"
"BLOCO DA FAMÍLIA",03/02/2024,09:00,"RUA OUTONO, 559, Cruzeiro","https://portalbelohorizonte.com.br/carnaval/2024/programacao/bloco-de-rua/desfile/bloco-da-familia"
"ME BEIJA QUE EU VIRO PRÍNCIPE",03/02/2024,09:00,"ALAMEDA DAS FALCATAS, 17, São Luíz","https://portalbelohorizonte.com.br/carnaval/2024/programacao/bloco-de-rua/desfile/me-beija-que-eu-viro-principe"
"MAMA NA VACA",03/02/2024,09:00,"PRACA CAIRO, 90, Santo Antônio","https://portalbelohorizonte.com.br/carnaval/2024/programacao/bloco-de-rua/desfile/mama-na-vaca"
"ME RESPEITA QUE EU SOU CRIANÇA!",03/02/2024,09:00,"ALAMEDA DOS JACARANDAS, 1345, São Luíz","https://portalbelohorizonte.com.br/carnaval/2024/programacao/bloco-de-rua/desfile/me-respeita-que-eu-sou-crianca"
"CARNASAMBINHA",03/02/2024,09:00,"RUA RAUL POMPEIA, 106, São Pedro","https://portalbelohorizonte.com.br/carnaval/2024/programacao/bloco-de-rua/desfile/carnasambinha"
"BLOCO CLANDESTINAS",03/02/2024,09:00,"RUA AARAO REIS, 510, Centro","https://portalbelohorizonte.com.br/carnaval/2024/programacao/bloco-de-rua/desfile/bloco-clandestinas"
"BLOCO CANTO DA CIDADE",03/02/2024,10:00,"RUA SAPUCAI, 571, Floresta","https://portalbelohorizonte.com.br/carnaval/2024/programacao/bloco-de-rua/desfile/bloco-canto-da-cidade"
"UAI CE SAMBA",03/02/2024,10:00,"AVENIDA DOS ENGENHEIROS, 574, Castelo","https://portalbelohorizonte.com.br/carnaval/2024/programacao/bloco-de-rua/desfile/uai-ce-samba"
"ENTÃO, PLANTA!",03/02/2024,11:00,"RUA MARMORE, 145, Santa Tereza","https://portalbelohorizonte.com.br/carnaval/2024/programacao/bloco-de-rua/desfile/entao-planta"
"AFLIFOLIA",03/02/2024,12:00,"RUA JOAQUIM LINHARES, 174, Anchieta","https://portalbelohorizonte.com.br/carnaval/2024/programacao/bloco-de-rua/desfile/aflifolia"
"BLOCO CARNAVALESCO DEIXA FALAR",03/02/2024,12:00,"RUA DOS AIMORES, 1423, Lourdes","https://portalbelohorizonte.com.br/carnaval/2024/programacao/bloco-de-rua/desfile/bloco-carnavalesco-deixa-falar"
"ARRASTÃO BLOCO SHOW",03/02/2024,12:00,"RUA IARA, 182, Pompéia","https://portalbelohorizonte.com.br/carnaval/2024/programacao/bloco-de-rua/desfile/arrastao-bloco-show"
"FORRO CABRA CEGA",03/02/2024,12:00,"RUA MARMORE, 184, Santa Tereza","https://portalbelohorizonte.com.br/carnaval/2024/programacao/bloco-de-rua/desfile/forro-cabra-cega"
"TEM CHURRASCO TODO DIA",03/02/2024,12:00,"RUA JOSE CLEMENTE PEREIRA, 31, Ipiranga","https://portalbelohorizonte.com.br/carnaval/2024/programacao/bloco-de-rua/desfile/tem-churrasco-todo-dia"
"ATENÇÃO CREUZEBECK",03/02/2024,12:30,"RUA MONSENHOR DOMINGOS PINHEIRO, 122, Calafate","https://portalbelohorizonte.com.br/carnaval/2024/programacao/bloco-de-rua/desfile/atencao-creuzebeck"
"A JUSTIÇA NAO É CEGA",03/02/2024,13:00,"RUA EUCLIDES DA CUNHA, 15, Prado","https://portalbelohorizonte.com.br/carnaval/2024/programacao/bloco-de-rua/desfile/a-justica-nao-e-cega"
"PUF-TICTÁ",03/02/2024,13:00,"RUA FERNANDES TOURINHO, 325, Savassi","https://portalbelohorizonte.com.br/carnaval/2024/programacao/bloco-de-rua/desfile/puf-ticta"
"BLOKO MIAME BEAT",03/02/2024,13:00,"PRACA SANTUARIO SAO GERALDO, 32, São Geraldo","https://portalbelohorizonte.com.br/carnaval/2024/programacao/bloco-de-rua/desfile/bloko-miame-beat-16099"
"BLOCO QUEM É ESSA AI PAPAI",03/02/2024,13:00,"AVENIDA BRASIL, 1145, Funcionários","https://portalbelohorizonte.com.br/carnaval/2024/programacao/bloco-de-rua/desfile/bloco-quem-e-essa-ai-papai"
"BLOCO DO BARBA ROXA",03/02/2024,13:00,"RUA CONDE DE LINHARES, 895, Coração de Jesus","https://portalbelohorizonte.com.br/carnaval/2024/programacao/bloco-de-rua/desfile/bloco-do-barba-roxa"
"CÓMO TE LHAMA?",03/02/2024,13:00,"RUA VESPASIANO, 51, Horto Florestal","https://portalbelohorizonte.com.br/carnaval/2024/programacao/bloco-de-rua/desfile/como-te-lhama"
"BLOCO DO AMOR QUEM AMA NÃO MATA",03/02/2024,13:00,"RUA FERNANDES TOURINHO, 200, Savassi","https://portalbelohorizonte.com.br/carnaval/2024/programacao/bloco-de-rua/desfile/bloco-do-amor-quem-ama-nao-mata"
"BLOCO DA CAPOEIRA BH",03/02/2024,13:00,"PRACA COMENDADOR NEGRAO DE LIMA, 244, Floresta","https://portalbelohorizonte.com.br/carnaval/2024/programacao/bloco-de-rua/desfile/bloco-da-capoeira-bh"
"JOJÔ E PALITO NA FOLIA DO CARNAVAL",03/02/2024,13:00,"RUA CONDE DE LINHARES, 244, Cidade Jardim","https://portalbelohorizonte.com.br/carnaval/2024/programacao/bloco-de-rua/desfile/jojo-e-palito-na-folia-do-carnaval"
"GAROTA EU VOU PRO CALIFÓRNIA",03/02/2024,13:00,"RUA DOS BANDOLINS, 114, Conjunto Califórnia I","https://portalbelohorizonte.com.br/carnaval/2024/programacao/bloco-de-rua/desfile/garota-eu-vou-pro-california"
"BLOQUINHO RÔ FANTONI",03/02/2024,13:00,"AVENIDA DOS BANDEIRANTES, 1287, Anchieta","https://portalbelohorizonte.com.br/carnaval/2024/programacao/bloco-de-rua/desfile/bloquinho-ro-fantoni"
"BLOCO DOS ALAGADOS",03/02/2024,13:30,"AVENIDA SEBASTIAO DE BRITO, 137, Dona Clara","https://portalbelohorizonte.com.br/carnaval/2024/programacao/bloco-de-rua/desfile/bloco-dos-alagados"
"BLOCO DO BOLOTA’S",03/02/2024,13:30,"RUA MARMORE, 303, Santa Tereza","https://portalbelohorizonte.com.br/carnaval/2024/programacao/bloco-de-rua/desfile/bloco-do-bolotas"
"BLOCO DURO",03/02/2024,13:30,"RUA ALVINOPOLIS, 460, Santa Tereza","https://portalbelohorizonte.com.br/carnaval/2024/programacao/bloco-de-rua/desfile/bloco-duro"
"US BEETHOVEN",03/02/2024,14:00,"PRACA DA LIBERDADE, 153, Savassi","https://portalbelohorizonte.com.br/carnaval/2024/programacao/bloco-de-rua/desfile/us-beethoven"
"BLOCO PRACINHA",03/02/2024,14:00,"PRACA SENHOR BOM JESUS, 50, Bom Jesus","https://portalbelohorizonte.com.br/carnaval/2024/programacao/bloco-de-rua/desfile/bloco-pracinha"
"EMORIO",03/02/2024,14:00,"AVENIDA AUGUSTO DE LIMA, 1392, Barro Preto","https://portalbelohorizonte.com.br/carnaval/2024/programacao/bloco-de-rua/desfile/emorio"
"BLOCO DEMORÔ",03/02/2024,14:00,"AVENIDA MAGENTA, 558, Vitória","https://portalbelohorizonte.com.br/carnaval/2024/programacao/bloco-de-rua/desfile/bloco-demoro-15797"
"BLOCO FURIA LATINA (ANTIGO BLOCO DUROCK)",03/02/2024,14:00,"AVENIDA GETULIO VARGAS, 840, Savassi","https://portalbelohorizonte.com.br/carnaval/2024/programacao/bloco-de-rua/desfile/bloco-furia-latina-antigo-bloco-durock-16225"
"BLOCO DA ANINHA - PAPO DE SAMBA",03/02/2024,14:00,"RUA DOUTOR WILSON GETULIO, 266, Serrano","https://portalbelohorizonte.com.br/carnaval/2024/programacao/bloco-de-rua/desfile/bloco-da-aninha-papo-de-samba"
"BLOCO CSH",03/02/2024,14:00,"RUA CONDE DE MONTE CRISTO, 238, Ipiranga","https://portalbelohorizonte.com.br/carnaval/2024/programacao/bloco-de-rua/desfile/bloco-csh"
"BLOCO TÔ DOIDO?",03/02/2024,14:00,"RUA HELIUM, 550, Nova Floresta","https://portalbelohorizonte.com.br/carnaval/2024/programacao/bloco-de-rua/desfile/bloco-to-doido"
"BLOCO DO POVO",03/02/2024,14:00,"AVENIDA GENERAL OLIMPIO MOURAO FILHO, 178, Itapoã","https://portalbelohorizonte.com.br/carnaval/2024/programacao/bloco-de-rua/desfile/bloco-do-povo"
"TÁ MOLE MAS É MEU",03/02/2024,14:00,"RUA DOM OSCAR ROMERO, 286, Nova Gameleira","https://portalbelohorizonte.com.br/carnaval/2024/programacao/bloco-de-rua/desfile/ta-mole-mas-e-meu"
"PAPAUÊ",03/02/2024,14:00,"RUA SANTA RITA DURAO, 1250, Savassi","https://portalbelohorizonte.com.br/carnaval/2024/programacao/bloco-de-rua/desfile/papaue-15826"
"BLOCO VEXAME",03/02/2024,14:00,"RUA MODINHA, 16, Santa Amélia","https://portalbelohorizonte.com.br/carnaval/2024/programacao/bloco-de-rua/desfile/bloco-vexame-15629"
"RENAFOLIA",03/02/2024,14:00,"PRACA URUPES, 23, Renascença","https://portalbelohorizonte.com.br/carnaval/2024/programacao/bloco-de-rua/desfile/renafolia"
"BLOCO DO SARAIVA",03/02/2024,14:00,"RUA ATALAIA, 209, Caiçaras","https://portalbelohorizonte.com.br/carnaval/2024/programacao/bloco-de-rua/desfile/bloco-do-saraiva"
"BLOCO TA CAINDO FULÔ",03/02/2024,14:30,"RUA EDSON, 405, União","https://portalbelohorizonte.com.br/carnaval/2024/programacao/bloco-de-rua/desfile/bloco-ta-caindo-fulo"
"BLOCO BOI ROSADO",03/02/2024,14:30,"RUA ANGELO RABELO, 54, Santa Tereza","https://portalbelohorizonte.com.br/carnaval/2024/programacao/bloco-de-rua/desfile/bloco-boi-rosado"
"APAETUCADA",03/02/2024,14:30,"RUA CRISTAL, 99, Santa Tereza","https://portalbelohorizonte.com.br/carnaval/2024/programacao/bloco-de-rua/desfile/apaetucada"
"BLOCO BARÉ BAR",03/02/2024,15:00,"ALAMEDA LIDIO DE FREITAS RAMOS, 433, Piratininga","https://portalbelohorizonte.com.br/carnaval/2024/programacao/bloco-de-rua/desfile/bloco-bare-bar"
"BLOCO DO PADRECO",03/02/2024,15:00,"RUA CASTIGLIANO, 777, Padre Eustáquio","https://portalbelohorizonte.com.br/carnaval/2024/programacao/bloco-de-rua/desfile/bloco-do-padreco"
"BLOCO DA PERUCA",03/02/2024,15:30,"RUA ERNESTO AUSTIN, 384, Boa Vista","https://portalbelohorizonte.com.br/carnaval/2024/programacao/bloco-de-rua/desfile/bloco-da-peruca"
"BLOCO DO JORGE",03/02/2024,16:00,"RUA PINHEIROS, 728, Aparecida","https://portalbelohorizonte.com.br/carnaval/2024/programacao/bloco-de-rua/desfile/bloco-do-jorge"
"BLOCO MAGALHÃES",03/02/2024,16:00,"AVENIDA FRANCISCO SALES, 20, Floresta","https://portalbelohorizonte.com.br/carnaval/2024/programacao/bloco-de-rua/desfile/bloco-magalhaes"
"BLOCO DO BARULHO",03/02/2024,16:00,"RUA MATIAS BARBOSA, 15, Floresta","https://portalbelohorizonte.com.br/carnaval/2024/programacao/bloco-de-rua/desfile/bloco-do-barulho"
"BLOCO ZN",03/02/2024,16:00,"RUA WASHINGTON LUIZ, 1152, Vila Aeroporto","https://portalbelohorizonte.com.br/carnaval/2024/programacao/bloco-de-rua/desfile/bloco-zn-15583"
"BLOCÃO DO CACHORRÃO",03/02/2024,16:00,"RUA VICENTE RISOLA, 1382, Santa Inês","https://portalbelohorizonte.com.br/carnaval/2024/programacao/bloco-de-rua/desfile/blocao-do-cachorrao"
"PANTHERA DISCO BLOCO",03/02/2024,16:00,"RUA MANAUS, 648, Santa Efigênia","https://portalbelohorizonte.com.br/carnaval/2024/programacao/bloco-de-rua/desfile/panthera-disco-bloco"
"BLOCO PÃO E VIDA",03/02/2024,17:30,"RUA JOSE FALEIRO, 248, Santa Helena","https://portalbelohorizonte.com.br/carnaval/2024/programacao/bloco-de-rua/desfile/bloco-pao-e-vida"
"CARNAFATE",04/02/2024,08:00,"RUA ZURICK, 518, Nova Suissa","https://portalbelohorizonte.com.br/carnaval/2024/programacao/bloco-de-rua/desfile/carnafate"
"GRANDE BLOCO DO ENCONTRO - PARQUE JA",04/02/2024,08:00,"RUA GAMA CERQUEIRA, 976, Jardim América","https://portalbelohorizonte.com.br/carnaval/2024/programacao/bloco-de-rua/desfile/grande-bloco-do-encontro-parque-ja"
"BLOQUINHO",04/02/2024,08:30,"RUA MONSENHOR HORTA, 50, Calafate","https://portalbelohorizonte.com.br/carnaval/2024/programacao/bloco-de-rua/desfile/bloquinho"
"BOI ENCANTADO DAS MINAS E DAS GERAIS",04/02/2024,09:00,"RUA DA BAHIA, 1212, Centro","https://portalbelohorizonte.com.br/carnaval/2024/programacao/bloco-de-rua/desfile/boi-encantado-das-minas-e-das-gerais"
"BLOCO DAS DESLUMBRADAS",04/02/2024,09:00,"AVENIDA OTACILIO NEGRAO DE LIMA, 4220, Bandeirantes","https://portalbelohorizonte.com.br/carnaval/2024/programacao/bloco-de-rua/desfile/bloco-das-deslumbradas"
"BLOCO BURITIS DE GUIMARÃES ROSA",04/02/2024,09:00,"RUA JUVENAL MELO SENRA, 409, Belvedere","https://portalbelohorizonte.com.br/carnaval/2024/programacao/bloco-de-rua/desfile/bloco-buritis-de-guimaraes-rosa-15872"
"AS CHARANGUEIRAS",04/02/2024,09:00,"RUA PARAIBA, 1360, Savassi","https://portalbelohorizonte.com.br/carnaval/2024/programacao/bloco-de-rua/desfile/as-charangueiras"
"BLOCO DO CHIFRUDO",04/02/2024,09:00,"RUA SAPUCAI, 320, Centro","https://portalbelohorizonte.com.br/carnaval/2024/programacao/bloco-de-rua/desfile/bloco-do-chifrudo"
"BLOCO BESOURINHOS",04/02/2024,09:30,"RUA DONA MARIA IGNEZ, 30, Floresta","https://portalbelohorizonte.com.br/carnaval/2024/programacao/bloco-de-rua/desfile/bloco-besourinhos"
"BLOQUINHO DA AMOREIRA",04/02/2024,09:30,"RUA MONTES CLAROS, 1028, Anchieta","https://portalbelohorizonte.com.br/carnaval/2024/programacao/bloco-de-rua/desfile/bloquinho-da-amoreira"
"ME BEIJA QUE EU SOU PAGODEIRO",04/02/2024,10:00,"RUA TENENTE BRITO MELO, 1065, Barro Preto","https://portalbelohorizonte.com.br/carnaval/2024/programacao/bloco-de-rua/desfile/me-beija-que-eu-sou-pagodeiro-16246"
"BLOCO AS PANDERISTA",04/02/2024,10:00,"RUA DAVID CAMPISTA, 42, Floresta","https://portalbelohorizonte.com.br/carnaval/2024/programacao/bloco-de-rua/desfile/bloco-as-panderista"
"AFRONTA BH",04/02/2024,10:00,"PRACA DA LIBERDADE, 770, Savassi","https://portalbelohorizonte.com.br/carnaval/2024/programacao/bloco-de-rua/desfile/afronta-bh"
"O BLOCO DAS MIMOSAS BORBOLETAS",04/02/2024,10:00,"RUA BAMBUI, 1204, Anchieta","https://portalbelohorizonte.com.br/carnaval/2024/programacao/bloco-de-rua/desfile/o-bloco-das-mimosas-borboletas"
"BLOCO ASA DE BANANA",04/02/2024,10:00,"AVENIDA BRASIL, 1126, Funcionários","https://portalbelohorizonte.com.br/carnaval/2024/programacao/bloco-de-rua/desfile/bloco-asa-de-banana"
"BLOCO DO PÃO MOLHADO",04/02/2024,10:30,"RUA VALENCA, 145, Carlos Prates","https://portalbelohorizonte.com.br/carnaval/2024/programacao/bloco-de-rua/desfile/bloco-do-pao-molhado"
"CAVALO MARINHO DE BEAGÁ",04/02/2024,10:30,"RUA MARMORE, 170, Santa Tereza","https://portalbelohorizonte.com.br/carnaval/2024/programacao/bloco-de-rua/desfile/cavalo-marinho-de-beaga"
"FOLIA DO CARDOSINHO 2024",04/02/2024,11:00,"AVENIDA DOS BANDEIRANTES, 291, Sion","https://portalbelohorizonte.com.br/carnaval/2024/programacao/bloco-de-rua/desfile/folia-do-cardosinho-2024"
"MORABLOCO",04/02/2024,11:00,"AVENIDA FLEMING, 680, Ouro Preto","https://portalbelohorizonte.com.br/carnaval/2024/programacao/bloco-de-rua/desfile/morabloco-16314"
"UNIDOS COM MIRAGO",04/02/2024,12:00,"RUA JORGE CARONE, 2, Nova Cintra","https://portalbelohorizonte.com.br/carnaval/2024/programacao/bloco-de-rua/desfile/unidos-com-mirago-16278"
"ALEGRIA ALEGRIA",04/02/2024,12:00,"AVENIDA AFONSO PENA, 4417, Serra","https://portalbelohorizonte.com.br/carnaval/2024/programacao/bloco-de-rua/desfile/alegria-alegria-16194"
"BLOCO CHAMA QUE VEM",04/02/2024,12:00,"AVENIDA WASHINGTON LUIZ, 9, São Bernardo","https://portalbelohorizonte.com.br/carnaval/2024/programacao/bloco-de-rua/desfile/bloco-chama-que-vem"
"BLOCO DO MINAS",04/02/2024,12:00,"AVENIDA DOS BANDEIRANTES, 2525, Serra","https://portalbelohorizonte.com.br/carnaval/2024/programacao/bloco-de-rua/desfile/bloco-do-minas"
"ADAYEBA",04/02/2024,12:00,"RODOVIA CAMILO TEIXEIRA DA COSTA, 1350, Granja Werneck","https://portalbelohorizonte.com.br/carnaval/2024/programacao/bloco-de-rua/desfile/adayeba"
"BLOKO MIAME BEAT",04/02/2024,12:00,"RUA CONTAGEM, 727, Santa Inês","https://portalbelohorizonte.com.br/carnaval/2024/programacao/bloco-de-rua/desfile/bloko-miame-beat-16097"
"BLOCO ALMAS EMPENADAS",04/02/2024,12:00,"RUA MOURA COSTA, 41, Planalto","https://portalbelohorizonte.com.br/carnaval/2024/programacao/bloco-de-rua/desfile/bloco-almas-empenadas"
"ENCHE MEU COPO",04/02/2024,13:00,"RUA CRAVINAS, 810, Esplanada","https://portalbelohorizonte.com.br/carnaval/2024/programacao/bloco-de-rua/desfile/enche-meu-copo-16020"
"VELHA GUARDA DO SAMBA DE BH",04/02/2024,13:00,"AVENIDA SANTOS DUMONT, 174, Centro","https://portalbelohorizonte.com.br/carnaval/2024/programacao/bloco-de-rua/desfile/velha-guarda-do-samba-de-bh"
"GRANADAS DE ALEGRIA",04/02/2024,13:00,"AVENIDA SILVA LOBO, 1338, Nova Granada","https://portalbelohorizonte.com.br/carnaval/2024/programacao/bloco-de-rua/desfile/granadas-de-alegria"
"BLOCO CARNAVALESCO AS VIRGENS DO FORMIGUEIRO QUENTE",04/02/2024,13:00,"RUA IZALINA FAUSTINA SILVEIRA, 18, Mantiqueira","https://portalbelohorizonte.com.br/carnaval/2024/programacao/bloco-de-rua/desfile/bloco-carnavalesco-as-virgens-do-formigueiro-quente"
"PALKO ABERTO SANTÊ",04/02/2024,13:00,"RUA VIOLETA, 219, Esplanada","https://portalbelohorizonte.com.br/carnaval/2024/programacao/bloco-de-rua/desfile/palko-aberto-sante"
"QUI SAMBA É ESSE?",04/02/2024,13:30,"AVENIDA CLARA NUNES, 92, Renascença","https://portalbelohorizonte.com.br/carnaval/2024/programacao/bloco-de-rua/desfile/qui-samba-e-esse"
"OS BATERAS",04/02/2024,14:00,"AVENIDA SARAMENHA, 1470, Guarani","https://portalbelohorizonte.com.br/carnaval/2024/programacao/bloco-de-rua/desfile/os-bateras"
"BLOCO DOS HERMANOS",04/02/2024,14:00,"RUA SAPUCAI, 499, Floresta","https://portalbelohorizonte.com.br/carnaval/2024/programacao/bloco-de-rua/desfile/bloco-dos-hermanos"
"AXE DE LÁ 90",04/02/2024,14:00,"AVENIDA GUARAPARI, 1241, Santa Amélia","https://portalbelohorizonte.com.br/carnaval/2024/programacao/bloco-de-rua/desfile/axe-de-la-90-15891"
"BLOCO CET",04/02/2024,14:00,"RUA ANTAO GONCALVES, 390, Taquaril","https://portalbelohorizonte.com.br/carnaval/2024/programacao/bloco-de-rua/desfile/bloco-cet-16170"
"BAIANOS USADOS",04/02/2024,14:00,"RUA GERALDO MARTINS DA SILVA, 25, Jaqueline","https://portalbelohorizonte.com.br/carnaval/2024/programacao/bloco-de-rua/desfile/baianos-usados"
"TREM DU BÃO",04/02/2024,14:00,"AVENIDA DOM JOSE GASPAR, 615, Coração Eucarístico","https://portalbelohorizonte.com.br/carnaval/2024/programacao/bloco-de-rua/desfile/trem-du-bao"
"FURDUNÇIN DO MEU REI",04/02/2024,14:00,"RUA LEVINDO LOPES, 191, Savassi","https://portalbelohorizonte.com.br/carnaval/2024/programacao/bloco-de-rua/desfile/furduncin-do-meu-rei"
"BANDO DO SANTO CHICO",04/02/2024,14:00,"RUA PORTO ALEGRE, 523, São Francisco das Chagas","https://portalbelohorizonte.com.br/carnaval/2024/programacao/bloco-de-rua/desfile/bando-do-santo-chico"
"RELEMBRANDO O CORSO DO CARNAVAL DOS ANOS 50",04/02/2024,14:00,"RUA MARILIA DE DIRCEU, 109, Lourdes","https://portalbelohorizonte.com.br/carnaval/2024/programacao/bloco-de-rua/desfile/relembrando-o-corso-do-carnaval-dos-anos-50"
"PAPAUÊ",04/02/2024,14:00,"AVENIDA SINFRONIO BROCHADO, 1237, Barreiro","https://portalbelohorizonte.com.br/carnaval/2024/programacao/bloco-de-rua/desfile/papaue-15688"
"TURMA DA LÍNGUA SOLTA",04/02/2024,14:00,"RUA ITAGUAI, 478, Caiçaras","https://portalbelohorizonte.com.br/carnaval/2024/programacao/bloco-de-rua/desfile/turma-da-lingua-solta"
"BLOCO SAGRADA FOLIA",04/02/2024,14:30,"RUA PITANGUI, 3197, Sagrada Família","https://portalbelohorizonte.com.br/carnaval/2024/programacao/bloco-de-rua/desfile/bloco-sagrada-folia"
"BLOCO SWING SAFADO",04/02/2024,16:00,"RUA GENTIOS, 122, Conjunto Santa Maria","https://portalbelohorizonte.com.br/carnaval/2024/programacao/bloco-de-rua/desfile/bloco-swing-safado-16230"
"BLOCO DO FERA",04/02/2024,16:00,"RUA PROFESSOR AMARO XISTO DE QUEIROZ, 80, União","https://portalbelohorizonte.com.br/carnaval/2024/programacao/bloco-de-rua/desfile/bloco-do-fera"
"CARNASOUL",04/02/2024,17:00,"RUA RIO DE JANEIRO, 667, Centro","https://portalbelohorizonte.com.br/carnaval/2024/programacao/bloco-de-rua/desfile/carnasoul"
"SAI PRA LÁ, CAPETA",06/02/2024,17:00,"PRACA COMENDADOR NEGRAO DE LIMA, 244, Floresta","https://portalbelohorizonte.com.br/carnaval/2024/programacao/bloco-de-rua/desfile/sai-pra-la-capeta"
"CHAMA O SÍNDICO",07/02/2024,18:00,"AVENIDA AFONSO PENA, 1377, Centro","https://portalbelohorizonte.com.br/carnaval/2024/programacao/bloco-de-rua/desfile/chama-o-sindico"
"BLOCO VIADUTO TRANCE",08/02/2024,17:00,"RUA DA BAHIA, 55, Centro","https://portalbelohorizonte.com.br/carnaval/2024/programacao/bloco-de-rua/desfile/bloco-viaduto-trance-16011"
"CIDADE NOVA PIRÕ-LEERITA",08/02/2024,18:00,"PRACA GUIMARAES ROSA, 39, Cidade Nova","https://portalbelohorizonte.com.br/carnaval/2024/programacao/bloco-de-rua/desfile/cidade-nova-piro-leerita"
"ARRASTÃO DO HOTT",08/02/2024,18:00,"AVENIDA ANTONIO ABRAHAO CARAM, 972, São José","https://portalbelohorizonte.com.br/carnaval/2024/programacao/bloco-de-rua/desfile/arrastao-do-hott"
"BLOCO DA BICICLETINHA",08/02/2024,20:00,"PRACA DA BANDEIRA, 122, Serra","https://portalbelohorizonte.com.br/carnaval/2024/programacao/bloco-de-rua/desfile/bloco-da-bicicletinha"
"BLOCO DO DIDI",09/02/2024,13:00,"AVENIDA SIDERAL, 280, Vista Alegre","https://portalbelohorizonte.com.br/carnaval/2024/programacao/bloco-de-rua/desfile/bloco-do-didi"
"BLOCO ÁLIBE",09/02/2024,15:30,"PRACA CRISTO REDENTOR, 122, Milionários","https://portalbelohorizonte.com.br/carnaval/2024/programacao/bloco-de-rua/desfile/bloco-alibe"
"BLOCO INTERVALO",09/02/2024,17:00,"RUA DAVID CAMPISTA, 42, Floresta","https://portalbelohorizonte.com.br/carnaval/2024/programacao/bloco-de-rua/desfile/bloco-intervalo"
"PASSA LÁ NO RH E ME CHAMA QUE EU VOU",09/02/2024,17:00,"AVENIDA CRISTOVAO COLOMBO, 358, Savassi","https://portalbelohorizonte.com.br/carnaval/2024/programacao/bloco-de-rua/desfile/passa-la-no-rh-e-me-chama-que-eu-vou"
"OS MENINOS DA MEIA-NOITE",09/02/2024,17:00,"PRACA SANTA RITA, 131, Esplanada","https://portalbelohorizonte.com.br/carnaval/2024/programacao/bloco-de-rua/desfile/os-meninos-da-meia-noite-15580"
"BLOCO VIADUTO TRANCE",09/02/2024,17:00,"RUA DA BAHIA, 55, Centro","https://portalbelohorizonte.com.br/carnaval/2024/programacao/bloco-de-rua/desfile/bloco-viaduto-trance-16012"
"SEXTA, NINGUÉM SABE?",09/02/2024,17:00,"RUA ALVARENGA PEIXOTO, 1030, Santo Agostinho","https://portalbelohorizonte.com.br/carnaval/2024/programacao/bloco-de-rua/desfile/sexta-ninguem-sabe"
"BLOCO DA SOL",09/02/2024,18:00,"RUA VINTE E CINCO DE AGOSTO, 270, Aparecida","https://portalbelohorizonte.com.br/carnaval/2024/programacao/bloco-de-rua/desfile/bloco-da-sol"
"LINDO BLOCO DO AMOR",09/02/2024,18:00,"RUA SAPUCAI, 105, Floresta","https://portalbelohorizonte.com.br/carnaval/2024/programacao/bloco-de-rua/desfile/lindo-bloco-do-amor"
"PIPINO FOLIA",09/02/2024,18:00,"RUA HENRIQUE BADARO PORTUGAL, 143, Buritis","https://portalbelohorizonte.com.br/carnaval/2024/programacao/bloco-de-rua/desfile/pipino-folia"
"WS ELETRICO",09/02/2024,18:30,"RUA SERGIPE, 811, Savassi","https://portalbelohorizonte.com.br/carnaval/2024/programacao/bloco-de-rua/desfile/ws-eletrico"
"DIABAS DE LUNETA",09/02/2024,19:00,"RUA MATO GROSSO, 307, Barro Preto","https://portalbelohorizonte.com.br/carnaval/2024/programacao/bloco-de-rua/desfile/diabas-de-luneta"
"DUBAI DAS INDUSTRIAS",09/02/2024,19:00,"RUA JUIZ ELYZEU JARDIM, 177, Bairro das Indústrias I","https://portalbelohorizonte.com.br/carnaval/2024/programacao/bloco-de-rua/desfile/dubai-das-industrias-16404"
"RODA DE TIMBAU",09/02/2024,19:00,"AVENIDA ALVARES CABRAL, 374, Lourdes","https://portalbelohorizonte.com.br/carnaval/2024/programacao/bloco-de-rua/desfile/roda-de-timbau"
"BLOCO AFRO-PERIFÉRICO ORISAMBA",09/02/2024,19:00,"RUA FAGUNDES VARELA, 99, Senhor dos Passos","https://portalbelohorizonte.com.br/carnaval/2024/programacao/bloco-de-rua/desfile/bloco-afro-periferico-orisamba-15878"
"ESPETO NA VEIA, OS CAMISA VELHA",09/02/2024,20:00,"RUA RIO GRANDE DO SUL, 1229, Santo Agostinho","https://portalbelohorizonte.com.br/carnaval/2024/programacao/bloco-de-rua/desfile/espeto-na-veia-os-camisa-velha"
"BAIÃO DE RUA",09/02/2024,22:00,"AVENIDA ASSIS CHATEAUBRIAND, 457, Floresta","https://portalbelohorizonte.com.br/carnaval/2024/programacao/bloco-de-rua/desfile/baiao-de-rua"
"TIRA O QUEIJO",09/02/2024,23:00,"RUA AARAO REIS, 422, Centro","https://portalbelohorizonte.com.br/carnaval/2024/programacao/bloco-de-rua/desfile/tira-o-queijo"
"BLOCO FÚNEBRE",09/02/2024,23:00,"PRACA DA BANDEIRA, 122, Serra","https://portalbelohorizonte.com.br/carnaval/2024/programacao/bloco-de-rua/desfile/bloco-funebre"
"ENTÃO, BRILHA!",10/02/2024,05:00,"RUA CURITIBA, 8, Centro","https://portalbelohorizonte.com.br/carnaval/2024/programacao/bloco-de-rua/desfile/entao-brilha"
"BANHO DE XÊRO",10/02/2024,08:00,"AVENIDA GUARAPARI, 42, Santa Amélia","https://portalbelohorizonte.com.br/carnaval/2024/programacao/bloco-de-rua/desfile/banho-de-xero"
"LADEIRA ABAIXO",10/02/2024,08:00,"PRACA ZAMENHOF, 11, Floresta","https://portalbelohorizonte.com.br/carnaval/2024/programacao/bloco-de-rua/desfile/ladeira-abaixo"
"BLOCO DO SUSTENIDO",10/02/2024,09:00,"RUA DOS TOPOGRAFOS, 207, Alípio de Melo","https://portalbelohorizonte.com.br/carnaval/2024/programacao/bloco-de-rua/desfile/bloco-do-sustenido"
"QUANDO COME SE LAMBUZA",10/02/2024,09:00,"AVENIDA AFONSO PENA, 546, Centro","https://portalbelohorizonte.com.br/carnaval/2024/programacao/bloco-de-rua/desfile/quando-come-se-lambuza"
"OS BATERINHAS",10/02/2024,09:00,"AVENIDA SARAMENHA, 1470, Guarani","https://portalbelohorizonte.com.br/carnaval/2024/programacao/bloco-de-rua/desfile/os-baterinhas"
"AFOXÉ OGUN DE",10/02/2024,09:30,"RUA ALOISIO ARAGAO VILLAR, 310, Trevo","https://portalbelohorizonte.com.br/carnaval/2024/programacao/bloco-de-rua/desfile/afoxe-ogun-de"
"BLOCO DO PAMP",10/02/2024,09:30,"PRACA CARLOS CHAGAS, 35, Santo Agostinho","https://portalbelohorizonte.com.br/carnaval/2024/programacao/bloco-de-rua/desfile/bloco-do-pamp"
"VAI TOMAR NO RETRÔ",10/02/2024,10:00,"PRACA CAPELA NOVA, 134, Minas Brasil","https://portalbelohorizonte.com.br/carnaval/2024/programacao/bloco-de-rua/desfile/vai-tomar-no-retro"
"BLOCO LIBERDADE E ÁGUA LIMPA",10/02/2024,10:00,"RUA FRANCISCA LEAO CORREA, 145, União","https://portalbelohorizonte.com.br/carnaval/2024/programacao/bloco-de-rua/desfile/bloco-liberdade-e-agua-limpa-16254"
"MICARETEIROS",10/02/2024,10:00,"AVENIDA GETULIO VARGAS, 792, Savassi","https://portalbelohorizonte.com.br/carnaval/2024/programacao/bloco-de-rua/desfile/micareteiros-15650"
"KOLA EM MIM QUE CÊ BRILHA",10/02/2024,10:00,"RUA OESTE, 510, Calafate","https://portalbelohorizonte.com.br/carnaval/2024/programacao/bloco-de-rua/desfile/kola-em-mim-que-ce-brilha"
"JOVENS DAS ANTIGA",10/02/2024,10:00,"RUA PAULO NUNES VIEIRA, 166, Cidade Nova","https://portalbelohorizonte.com.br/carnaval/2024/programacao/bloco-de-rua/desfile/jovens-das-antiga"
"PATA DE LEÃO",10/02/2024,10:00,"PRACA MEXICO, 202, Concórdia","https://portalbelohorizonte.com.br/carnaval/2024/programacao/bloco-de-rua/desfile/pata-de-leao"
"BLOCO DIVINA BANDA",10/02/2024,10:30,"RUA MARMORE, 179, Santa Tereza","https://portalbelohorizonte.com.br/carnaval/2024/programacao/bloco-de-rua/desfile/bloco-divina-banda"
"TÁ PENSANDO O QUE?",10/02/2024,11:00,"RUA CURITIBA, 2457, Lourdes","https://portalbelohorizonte.com.br/carnaval/2024/programacao/bloco-de-rua/desfile/ta-pensando-o-que"
"BLOCO DO PIRULITO",10/02/2024,12:00,"RUA ESPIRITO SANTO, 516, Centro","https://portalbelohorizonte.com.br/carnaval/2024/programacao/bloco-de-rua/desfile/bloco-do-pirulito"
"SEU VIZINHO",10/02/2024,12:00,"AVENIDA MEM DE SA, 1882, Vila Novo São Lucas","https://portalbelohorizonte.com.br/carnaval/2024/programacao/bloco-de-rua/desfile/seu-vizinho"
"UNIDOS DE SÃO VICENTE",10/02/2024,12:00,"RUA MONTE BRANCO, 69, Nova Suissa","https://portalbelohorizonte.com.br/carnaval/2024/programacao/bloco-de-rua/desfile/unidos-de-sao-vicente-15784"
"BLOCO GAFIEIRA",10/02/2024,12:00,"AVENIDA BRASIL, 2201, Savassi","https://portalbelohorizonte.com.br/carnaval/2024/programacao/bloco-de-rua/desfile/bloco-gafieira"
"NADA SANTA",10/02/2024,12:00,"RUA MARMORE, 255, Santa Tereza","https://portalbelohorizonte.com.br/carnaval/2024/programacao/bloco-de-rua/desfile/nada-santa"
"NÃO ERA AMOR ERA CILADA",10/02/2024,13:00,"RUA BELEM, 784, Pompéia","https://portalbelohorizonte.com.br/carnaval/2024/programacao/bloco-de-rua/desfile/nao-era-amor-era-cilada"
"BLOCO DO MAGRELA FEIO",10/02/2024,13:00,"RUA ITANHANDU, 44, Carlos Prates","https://portalbelohorizonte.com.br/carnaval/2024/programacao/bloco-de-rua/desfile/bloco-do-magrela-feio-16019"
"BLOCO XIBIU",10/02/2024,13:00,"AVENIDA DOS ENGENHEIROS, 551, Alípio de Melo","https://portalbelohorizonte.com.br/carnaval/2024/programacao/bloco-de-rua/desfile/bloco-xibiu"
"BLOCO DO VINTÃO",10/02/2024,13:00,"RUA JUDA, 383, Glória","https://portalbelohorizonte.com.br/carnaval/2024/programacao/bloco-de-rua/desfile/bloco-do-vintao"
"UNIDOS DA ESTRELA DA MORTE",10/02/2024,13:00,"RUA MARECHAL DEODORO, 167, Floresta","https://portalbelohorizonte.com.br/carnaval/2024/programacao/bloco-de-rua/desfile/unidos-da-estrela-da-morte"
"BLOCO DO SAMBA DO RAFA",10/02/2024,13:30,"PRACA DUQUE DE CAXIAS, 288, Santa Tereza","https://portalbelohorizonte.com.br/carnaval/2024/programacao/bloco-de-rua/desfile/bloco-do-samba-do-rafa"
"GALERA DE BELÔ",10/02/2024,13:30,"AVENIDA GENERAL OLIMPIO MOURAO FILHO, 370, Itapoã","https://portalbelohorizonte.com.br/carnaval/2024/programacao/bloco-de-rua/desfile/galera-de-belo"
"BLOCO AXÉ NAS GERAIS",10/02/2024,13:30,"AVENIDA GUARAPARI, 1213, Santa Amélia","https://portalbelohorizonte.com.br/carnaval/2024/programacao/bloco-de-rua/desfile/bloco-axe-nas-gerais"
"DE SEU BENTO A DONA LÚCIA",10/02/2024,13:30,"AVENIDA HALLEY, 1015, Santa Lúcia","https://portalbelohorizonte.com.br/carnaval/2024/programacao/bloco-de-rua/desfile/de-seu-bento-a-dona-lucia"
"AMO BDI",10/02/2024,14:00,"AVENIDA CATULO DA PAIXAO CEARENSE, 145, Bairro das Indústrias I","https://portalbelohorizonte.com.br/carnaval/2024/programacao/bloco-de-rua/desfile/amo-bdi"
"BEACH BLOCO",10/02/2024,14:00,"RUA JAVARI, 620, Renascença","https://portalbelohorizonte.com.br/carnaval/2024/programacao/bloco-de-rua/desfile/beach-bloco"
"BLOCO DA CALIXTO",10/02/2024,14:00,"RUA PROFESSOR MORAES, 226, Savassi","https://portalbelohorizonte.com.br/carnaval/2024/programacao/bloco-de-rua/desfile/bloco-da-calixto"
"CABROBLOCO TIANASTÁCIA",10/02/2024,14:00,"RUA CONSELHEIRO ROCHA, 1031, Vila Dias","https://portalbelohorizonte.com.br/carnaval/2024/programacao/bloco-de-rua/desfile/cabrobloco-tianastacia"
"BLOCO BAILE DA SAPATARIA",10/02/2024,14:00,"RUA FERNANDES TOURINHO, 503, Savassi","https://portalbelohorizonte.com.br/carnaval/2024/programacao/bloco-de-rua/desfile/bloco-baile-da-sapataria"
"UNIDOS BAIRRO SÃO PAULO",10/02/2024,14:00,"BECO QUELUZITA, 11, São Paulo","https://portalbelohorizonte.com.br/carnaval/2024/programacao/bloco-de-rua/desfile/unidos-bairro-sao-paulo"
"BLOCO BURITIS DE GUIMARÃES ROSA",10/02/2024,14:00,"RUA HENRIQUE BADARO PORTUGAL, 157, Buritis","https://portalbelohorizonte.com.br/carnaval/2024/programacao/bloco-de-rua/desfile/bloco-buritis-de-guimaraes-rosa-15846"
"FILHAS DE GABY E BANDA OS DESGARRADOS",10/02/2024,14:00,"RUA CEARA, 1461, Funcionários","https://portalbelohorizonte.com.br/carnaval/2024/programacao/bloco-de-rua/desfile/filhas-de-gaby-e-banda-os-desgarrados"
"ME BEIJA QUE EU SOU PAGODEIRO",10/02/2024,14:00,"AVENIDA OLEGARIO MACIEL, 1412, Santo Agostinho","https://portalbelohorizonte.com.br/carnaval/2024/programacao/bloco-de-rua/desfile/me-beija-que-eu-sou-pagodeiro-16266"
"HAJA AMOR",10/02/2024,14:00,"RUA SERGIPE, 811, Savassi","https://portalbelohorizonte.com.br/carnaval/2024/programacao/bloco-de-rua/desfile/haja-amor"
"MAIS FELIZ QUE PINTO NO LIXO",10/02/2024,14:30,"RUA CATANDUVA, 370, Renascença","https://portalbelohorizonte.com.br/carnaval/2024/programacao/bloco-de-rua/desfile/mais-feliz-que-pinto-no-lixo-15974"
"GATO ESCALDADO",10/02/2024,15:00,"PRACA DEPUTADO RENATO AZEREDO, 182, Sion","https://portalbelohorizonte.com.br/carnaval/2024/programacao/bloco-de-rua/desfile/gato-escaldado"
"BLOCO RASTAXÉ",10/02/2024,15:00,"PRACA SANTA RITA, 131, Esplanada","https://portalbelohorizonte.com.br/carnaval/2024/programacao/bloco-de-rua/desfile/bloco-rastaxe-15589"
"BLOCO DE BELÔ",10/02/2024,15:00,"AVENIDA AFONSO PENA, 1377, Centro","https://portalbelohorizonte.com.br/carnaval/2024/programacao/bloco-de-rua/desfile/bloco-de-belo"
"BLOCO ZN",10/02/2024,15:00,"RUA SAPUCAI, 105, Floresta","https://portalbelohorizonte.com.br/carnaval/2024/programacao/bloco-de-rua/desfile/bloco-zn-15582"
"BLOCO SUCATAS",10/02/2024,15:00,"RUA GAROTA DE IPANEMA, 295, Etelvina Carneiro","https://portalbelohorizonte.com.br/carnaval/2024/programacao/bloco-de-rua/desfile/bloco-sucatas"
"BLOCO NEGA JACKIE",10/02/2024,15:00,"AVENIDA AUGUSTO DE LIMA, 1374, Barro Preto","https://portalbelohorizonte.com.br/carnaval/2024/programacao/bloco-de-rua/desfile/bloco-nega-jackie"
"BLOCO OFICINA TAMBOLELÊ",10/02/2024,15:00,"RUA SAO COSME, 95, Novo Glória","https://portalbelohorizonte.com.br/carnaval/2024/programacao/bloco-de-rua/desfile/bloco-oficina-tambolele"
"TURU TURU",10/02/2024,15:00,"RUA OESTE, 586, Calafate","https://portalbelohorizonte.com.br/carnaval/2024/programacao/bloco-de-rua/desfile/turu-turu"
"EU NÃO VOU EMBORA",10/02/2024,15:00,"AVENIDA BRASIL, 1145, Funcionários","https://portalbelohorizonte.com.br/carnaval/2024/programacao/bloco-de-rua/desfile/eu-nao-vou-embora"
"BLOCO LET'S DANCE",10/02/2024,15:00,"RUA JUVENTINO DIAS, 111, Mangabeiras","https://portalbelohorizonte.com.br/carnaval/2024/programacao/bloco-de-rua/desfile/bloco-lets-dance"
"BLOCO NEGA BIRUTA",10/02/2024,15:00,"AVENIDA SANTA MATILDE, 470, João Pinheiro","https://portalbelohorizonte.com.br/carnaval/2024/programacao/bloco-de-rua/desfile/bloco-nega-biruta"
"BLOCO DO IMPROVISO",10/02/2024,15:00,"RUA MAESTRO DELE ANDRADE, 923, Santa Efigênia","https://portalbelohorizonte.com.br/carnaval/2024/programacao/bloco-de-rua/desfile/bloco-do-improviso"
"BLOCO DAS NOVINHAS OUSADAS",10/02/2024,16:00,"RUA DOS COMANCHES, 780, Santa Mônica","https://portalbelohorizonte.com.br/carnaval/2024/programacao/bloco-de-rua/desfile/bloco-das-novinhas-ousadas"
"CONEXÃO AFRICAN BEAT",10/02/2024,16:00,"PRACA DA LIBERDADE, 109, Savassi","https://portalbelohorizonte.com.br/carnaval/2024/programacao/bloco-de-rua/desfile/conexao-african-beat-15857"
"BLOCO DA LÍNGUA",10/02/2024,16:00,"RUA TIGRE, 181, São Salvador","https://portalbelohorizonte.com.br/carnaval/2024/programacao/bloco-de-rua/desfile/bloco-da-lingua"
"BLOCO DO GALO",10/02/2024,16:00,"RUA CHRISTINA MARIA ASSIS, 550, Califórnia","https://portalbelohorizonte.com.br/carnaval/2024/programacao/bloco-de-rua/desfile/bloco-do-galo"
"BLOCO BACANADEMAIS",10/02/2024,16:00,"RUA GUANABARA, 566, Concórdia","https://portalbelohorizonte.com.br/carnaval/2024/programacao/bloco-de-rua/desfile/bloco-bacanademais"
"BLOCO ANJOS DO CÉU",10/02/2024,17:00,"RUA ANTONIO GIAROLA, 18, Céu Azul","https://portalbelohorizonte.com.br/carnaval/2024/programacao/bloco-de-rua/desfile/bloco-anjos-do-ceu"
"XÔ PRECONCEITO! MEU NOME É FELICIDADE",10/02/2024,17:00,"PRACA RUI BARBOSA, 104, Centro","https://portalbelohorizonte.com.br/carnaval/2024/programacao/bloco-de-rua/desfile/xo-preconceito-meu-nome-e-felicidade"
"BLOCO MINAS COM BAHIA",10/02/2024,17:00,"AVENIDA DOS ENGENHEIROS, 554, Castelo","https://portalbelohorizonte.com.br/carnaval/2024/programacao/bloco-de-rua/desfile/bloco-minas-com-bahia"
"AS BENZEDEIRAS",10/02/2024,18:00,"RUA NINIVE, 285, Glória","https://portalbelohorizonte.com.br/carnaval/2024/programacao/bloco-de-rua/desfile/as-benzedeiras"
"BLOCO DO CORRE! CARNAVAL + CORRIDA",11/02/2024,07:00,"AVENIDA ANTONIO ABRAHAO CARAM, 996, São José","https://portalbelohorizonte.com.br/carnaval/2024/programacao/bloco-de-rua/desfile/bloco-do-corre-carnaval-corrida"
"TRIO GRAVEOLA E LAMPARINA",11/02/2024,08:00,"AVENIDA ASSIS CHATEAUBRIAND, 525, Floresta","https://portalbelohorizonte.com.br/carnaval/2024/programacao/bloco-de-rua/desfile/trio-graveola-e-lamparina"
"PENA DE PAVÃO DE KRISHNA",11/02/2024,08:30,"RUA CAMILO PRATES, 410, União","https://portalbelohorizonte.com.br/carnaval/2024/programacao/bloco-de-rua/desfile/pena-de-pavao-de-krishna"
"BLOCO FILHOS DA PUC",11/02/2024,09:00,"AVENIDA AUGUSTO DE LIMA, 1212, Barro Preto","https://portalbelohorizonte.com.br/carnaval/2024/programacao/bloco-de-rua/desfile/bloco-filhos-da-puc"
"BLOCO DA GENTE",11/02/2024,09:00,"RUA DOS TABAIARES, 93, Floresta","https://portalbelohorizonte.com.br/carnaval/2024/programacao/bloco-de-rua/desfile/bloco-da-gente"
"BEIÇO DO WANDO",11/02/2024,09:00,"AVENIDA BRASIL, 1145, Funcionários","https://portalbelohorizonte.com.br/carnaval/2024/programacao/bloco-de-rua/desfile/beico-do-wando"
"RAGA MOFE",11/02/2024,09:00,"RUA FREI ORLANDO, 1035, Caiçaras","https://portalbelohorizonte.com.br/carnaval/2024/programacao/bloco-de-rua/desfile/raga-mofe"
"BLOCO ROMÂNTICOS SÃO LOUCOS",11/02/2024,09:00,"RUA MARMORE, 135, Santa Tereza","https://portalbelohorizonte.com.br/carnaval/2024/programacao/bloco-de-rua/desfile/bloco-romanticos-sao-loucos"
"BLOCO DO TIGRE",11/02/2024,09:00,"AVENIDA JEQUITINHONHA, 70, Vera Cruz","https://portalbelohorizonte.com.br/carnaval/2024/programacao/bloco-de-rua/desfile/bloco-do-tigre"
"BRÓCOLIS (BLOCO INFANTIL)",11/02/2024,09:00,"RUA BRAGANCA, 8, Coqueiros","https://portalbelohorizonte.com.br/carnaval/2024/programacao/bloco-de-rua/desfile/brocolis-bloco-infantil"
"MINDINHO BATERIA MIRIM",11/02/2024,09:00,"RUA ADAMINA, 30, Santa Tereza","https://portalbelohorizonte.com.br/carnaval/2024/programacao/bloco-de-rua/desfile/mindinho-bateria-mirim"
"BLOCO PACATO CIDADÃO",11/02/2024,09:00,"RUA DO URUGUAI, 1200, Sion","https://portalbelohorizonte.com.br/carnaval/2024/programacao/bloco-de-rua/desfile/bloco-pacato-cidadao"
"BLOCO DE PÍFANOS BH",11/02/2024,09:00,"RUA MARMORE, 285, Santa Tereza","https://portalbelohorizonte.com.br/carnaval/2024/programacao/bloco-de-rua/desfile/bloco-de-pifanos-bh"
"BLOCO PROVE PRIMEIRO",11/02/2024,09:30,"RUA JACANA, 60, Providência","https://portalbelohorizonte.com.br/carnaval/2024/programacao/bloco-de-rua/desfile/bloco-prove-primeiro"
"BLOCO DO BATIZA",11/02/2024,09:30,"RUA MARECHAL DEODORO, 210, Floresta","https://portalbelohorizonte.com.br/carnaval/2024/programacao/bloco-de-rua/desfile/bloco-do-batiza"
"BLOCO FILHOS DA PUC MG",11/02/2024,10:00,"AVENIDA GETULIO VARGAS, 792, Savassi","https://portalbelohorizonte.com.br/carnaval/2024/programacao/bloco-de-rua/desfile/bloco-filhos-da-puc-mg"
"BLOCO DO VÔ MANOEL DE ARUANDA",11/02/2024,10:00,"RUA EVARISTO DA VEIGA, 140, Senhor dos Passos","https://portalbelohorizonte.com.br/carnaval/2024/programacao/bloco-de-rua/desfile/bloco-do-vo-manoel-de-aruanda-15567"
"BLOCO CILADA",11/02/2024,10:00,"RUA MANOEL DOS REIS, 115, Jaraguá","https://portalbelohorizonte.com.br/carnaval/2024/programacao/bloco-de-rua/desfile/bloco-cilada"
"MAÇA DO AMOR",11/02/2024,10:00,"RUA FERNANDES TOURINHO, 529, Savassi","https://portalbelohorizonte.com.br/carnaval/2024/programacao/bloco-de-rua/desfile/maca-do-amor"
"BLOCO AFRO-PERIFÉRICO ORISAMBA",11/02/2024,10:00,"RUA ITAPECERICA, 468, Lagoinha","https://portalbelohorizonte.com.br/carnaval/2024/programacao/bloco-de-rua/desfile/bloco-afro-periferico-orisamba-15851"
"BLOCO DU COCO",11/02/2024,10:00,"RUA FRANCISCO BICALHO, 2210, Caiçara-Adelaide","https://portalbelohorizonte.com.br/carnaval/2024/programacao/bloco-de-rua/desfile/bloco-du-coco"
"BLOCO DO BATOM ROSA",11/02/2024,10:00,"RUA CACHOEIRA DOURADA, 83, Paraíso","https://portalbelohorizonte.com.br/carnaval/2024/programacao/bloco-de-rua/desfile/bloco-do-batom-rosa"
"BETHÂNIA CUSTOSA",11/02/2024,10:00,"RUA ALAIR PEREIRA DE MELLO, 65, Betânia","https://portalbelohorizonte.com.br/carnaval/2024/programacao/bloco-de-rua/desfile/bethania-custosa"
"TODO MUNDO CABE NO MUNDO",11/02/2024,10:30,"RUA PIAUI, 596, Santa Efigênia","https://portalbelohorizonte.com.br/carnaval/2024/programacao/bloco-de-rua/desfile/todo-mundo-cabe-no-mundo"
"BLOCO DU CHINA E GRUPO FANTASIA",11/02/2024,11:00,"RUA ITAMARATI, 986, Padre Eustáquio","https://portalbelohorizonte.com.br/carnaval/2024/programacao/bloco-de-rua/desfile/bloco-du-china-e-grupo-fantasia"
"CENARIO KIDS",11/02/2024,11:00,"RUA MICHEL JEHA, 178, São Bento","https://portalbelohorizonte.com.br/carnaval/2024/programacao/bloco-de-rua/desfile/cenario-kids"
"BLOCO DO MAMÁ",11/02/2024,11:00,"RUA LIDIO LUNARDI, 71, Maria Virgínia","https://portalbelohorizonte.com.br/carnaval/2024/programacao/bloco-de-rua/desfile/bloco-do-mama"
"BLOCO DE RUA OS INOCENTES DE SANTA TEREZA",11/02/2024,11:30,"RUA MARMORE, 157, Santa Tereza","https://portalbelohorizonte.com.br/carnaval/2024/programacao/bloco-de-rua/desfile/bloco-de-rua-os-inocentes-de-santa-tereza"
"LOCOMOTIVA",11/02/2024,12:00,"RUA ANTONIO PEIXOTO GUIMARAES, 585, Caiçara-Adelaide","https://portalbelohorizonte.com.br/carnaval/2024/programacao/bloco-de-rua/desfile/locomotiva"
"BLOCO DO TI DIDI & TREME TERRA",11/02/2024,12:00,"RUA SENADOR LIMA GUIMARAES, 40, Buritis","https://portalbelohorizonte.com.br/carnaval/2024/programacao/bloco-de-rua/desfile/bloco-do-ti-didi-and-treme-terra"
"PALCO ABERTO BH",11/02/2024,12:00,"RUA PIRITE, 117, Santa Tereza","https://portalbelohorizonte.com.br/carnaval/2024/programacao/bloco-de-rua/desfile/palco-aberto-bh"
"BLOQUINHO DA TIA KIKA",11/02/2024,12:00,"RUA PIRANGUCU, 114, Conjunto Celso Machado","https://portalbelohorizonte.com.br/carnaval/2024/programacao/bloco-de-rua/desfile/bloquinho-da-tia-kika"
"BLOQUIM DUBEM",11/02/2024,12:00,"RUA PROFESSOR COSTA CHIABI, 211, Cidade Nova","https://portalbelohorizonte.com.br/carnaval/2024/programacao/bloco-de-rua/desfile/bloquim-dubem"
"ABRE QUE TÔ PASSANÚ",11/02/2024,12:00,"RUA FRANCISCO DESLANDES, 1065, Anchieta","https://portalbelohorizonte.com.br/carnaval/2024/programacao/bloco-de-rua/desfile/abre-que-to-passanu"
"CARNAVOVÓ",11/02/2024,13:00,"RUA TENENTE MARINO FREIRE, 229, Maria Helena","https://portalbelohorizonte.com.br/carnaval/2024/programacao/bloco-de-rua/desfile/carnavovo"
"BLOCO PRAIANUS",11/02/2024,13:00,"AVENIDA SINFRONIO BROCHADO, 1457, Barreiro","https://portalbelohorizonte.com.br/carnaval/2024/programacao/bloco-de-rua/desfile/bloco-praianus"
"BACKSTREET BLOCO",11/02/2024,13:00,"RUA OESTE, 618, Calafate","https://portalbelohorizonte.com.br/carnaval/2024/programacao/bloco-de-rua/desfile/backstreet-bloco"
"MICARETA DO ME GUSTA",11/02/2024,13:00,"RUA NILO APARECIDA PINTO, 373, Planalto","https://portalbelohorizonte.com.br/carnaval/2024/programacao/bloco-de-rua/desfile/micareta-do-me-gusta"
"BLOCO SHOW",11/02/2024,13:00,"RUA SANTA RITA DURAO, 1216, Savassi","https://portalbelohorizonte.com.br/carnaval/2024/programacao/bloco-de-rua/desfile/bloco-show"
"VEM KA VÊ",11/02/2024,13:00,"RUA INES GLANSMAN, 98, Ribeiro de Abreu","https://portalbelohorizonte.com.br/carnaval/2024/programacao/bloco-de-rua/desfile/vem-ka-ve"
"AFOXÉ ILÊ ODARA",11/02/2024,13:00,"RUA SAO CLEMENTE, 1132, Aparecida","https://portalbelohorizonte.com.br/carnaval/2024/programacao/bloco-de-rua/desfile/afoxe-ile-odara"
"UNIDOS DO SAMBA QUEIXINHO",11/02/2024,13:30,"PRACA DA LIBERDADE, 850, Savassi","https://portalbelohorizonte.com.br/carnaval/2024/programacao/bloco-de-rua/desfile/unidos-do-samba-queixinho"
"BLOCO DO BAILE DA SERRA",11/02/2024,14:00,"AVENIDA MEM DE SA, 1806, Vila Novo São Lucas","https://portalbelohorizonte.com.br/carnaval/2024/programacao/bloco-de-rua/desfile/bloco-do-baile-da-serra"
"MICARETEIROS",11/02/2024,14:00,"AVENIDA GETULIO VARGAS, 800, Savassi","https://portalbelohorizonte.com.br/carnaval/2024/programacao/bloco-de-rua/desfile/micareteiros-15649"
"BLOCO AMIGOS DO BAZIN",11/02/2024,14:00,"RUA MINISTRO OROZIMBO NONATO, 1055, Dona Clara","https://portalbelohorizonte.com.br/carnaval/2024/programacao/bloco-de-rua/desfile/bloco-amigos-do-bazin"
"BLOCO VOU ALI E VOLTO",11/02/2024,14:00,"PRACA TEJO, 34, Padre Eustáquio","https://portalbelohorizonte.com.br/carnaval/2024/programacao/bloco-de-rua/desfile/bloco-vou-ali-e-volto"
"BLOCO DO JILO",11/02/2024,14:00,"RUA CONTAGEM, 762, Boa Vista","https://portalbelohorizonte.com.br/carnaval/2024/programacao/bloco-de-rua/desfile/bloco-do-jilo-16166"
"BLOCO DA FOFOCA-CARIMBÓ",11/02/2024,14:00,"AVENIDA DOS ANDRADAS, 841, Centro","https://portalbelohorizonte.com.br/carnaval/2024/programacao/bloco-de-rua/desfile/bloco-da-fofoca-carimbo"
"BLOCO PIPIXO",11/02/2024,14:00,"PRACA JORGE ALVES, 33, Guarani","https://portalbelohorizonte.com.br/carnaval/2024/programacao/bloco-de-rua/desfile/bloco-pipixo"
"BLOCO DEMORÔ",11/02/2024,14:00,"AVENIDA MAGENTA, 558, Vitória","https://portalbelohorizonte.com.br/carnaval/2024/programacao/bloco-de-rua/desfile/bloco-demoro-15798"
"BLOCO DA LESTE",11/02/2024,14:00,"AVENIDA PETROLINA, 200, Sagrada Família","https://portalbelohorizonte.com.br/carnaval/2024/programacao/bloco-de-rua/desfile/bloco-da-leste"
"HÉLICE",11/02/2024,14:00,"PRACA GERALDO TORRES, 779, Padre Eustáquio","https://portalbelohorizonte.com.br/carnaval/2024/programacao/bloco-de-rua/desfile/helice-16004"
"BLOCO FERVEÇÃO",11/02/2024,14:00,"RUA SERGIPE, 1208, Savassi","https://portalbelohorizonte.com.br/carnaval/2024/programacao/bloco-de-rua/desfile/bloco-fervecao"
"POINT DOS AMIGOS",11/02/2024,14:00,"AVENIDA CATULO DA PAIXAO CEARENSE, 136, Bairro das Indústrias I","https://portalbelohorizonte.com.br/carnaval/2024/programacao/bloco-de-rua/desfile/point-dos-amigos"
"BATUQUE COLETIVO",11/02/2024,14:00,"PRACA CORONEL BENJAMIN GUIMARAES, 60, Funcionários","https://portalbelohorizonte.com.br/carnaval/2024/programacao/bloco-de-rua/desfile/batuque-coletivo"
"null",11/02/2024,14:30,"RUA LUIZ BRANDAO, 830, Paraíso","https://portalbelohorizonte.com.br/carnaval/2024/programacao/bloco-de-rua/desfile/cortejo-as-grandes-figuras"
"SENZALA",11/02/2024,15:00,"RUA TELAVIV, 11, Olaria","https://portalbelohorizonte.com.br/carnaval/2024/programacao/bloco-de-rua/desfile/senzala"
"AFOXE BANDARERE",11/02/2024,15:00,"RUA GUANABARA, 231, Concórdia","https://portalbelohorizonte.com.br/carnaval/2024/programacao/bloco-de-rua/desfile/afoxe-bandarere"
"BLOCO DO BIGODE",11/02/2024,15:00,"RUA VINTE E CINCO DE AGOSTO, 399, Aparecida","https://portalbelohorizonte.com.br/carnaval/2024/programacao/bloco-de-rua/desfile/bloco-do-bigode"
"BLOCO ELEGANZA",11/02/2024,15:00,"RUA ITAJUBA, 170, Floresta","https://portalbelohorizonte.com.br/carnaval/2024/programacao/bloco-de-rua/desfile/bloco-eleganza"
"ME LEVA FELICIDADE",11/02/2024,15:00,"RUA JUVENIL BARBOSA DA SILVA, 98, Jardim Felicidade","https://portalbelohorizonte.com.br/carnaval/2024/programacao/bloco-de-rua/desfile/me-leva-felicidade"
"BLOCO ROLA CANSADA",11/02/2024,15:00,"RUA POUSO ALTO, 665, São Lucas","https://portalbelohorizonte.com.br/carnaval/2024/programacao/bloco-de-rua/desfile/bloco-rola-cansada"
"MOVE BLOCO",11/02/2024,15:00,"RUA PAISSANDU, 30, Sagrada Família","https://portalbelohorizonte.com.br/carnaval/2024/programacao/bloco-de-rua/desfile/move-bloco"
"AMIGOS DA PPL",11/02/2024,15:00,"RUA ARARIBA, 349, Aparecida","https://portalbelohorizonte.com.br/carnaval/2024/programacao/bloco-de-rua/desfile/amigos-da-ppl"
"BLOCO VALETES",11/02/2024,15:00,"RUA RIO GRANDE DO NORTE, 505, Funcionários","https://portalbelohorizonte.com.br/carnaval/2024/programacao/bloco-de-rua/desfile/bloco-valetes"
"BLOCO FURACÃO TREMBASE",11/02/2024,15:00,"RUA AQUILES LOBO, 180, Floresta","https://portalbelohorizonte.com.br/carnaval/2024/programacao/bloco-de-rua/desfile/bloco-furacao-trembase"
"BLOCO DA INSANIDADE",11/02/2024,16:00,"PRACA DA BANDEIRA, 174, Cruzeiro","https://portalbelohorizonte.com.br/carnaval/2024/programacao/bloco-de-rua/desfile/bloco-da-insanidade"
"BLOCO VEJO FLORES EM VOCÊ",11/02/2024,16:00,"RUA LUIZ FURTADO FILHO, 291, Letícia","https://portalbelohorizonte.com.br/carnaval/2024/programacao/bloco-de-rua/desfile/bloco-vejo-flores-em-voce"
"MAMA ME OLHANDO",11/02/2024,16:00,"RUA DEPUTADO CLAUDIO PINHEIRO DE LIMA, 30, Glória","https://portalbelohorizonte.com.br/carnaval/2024/programacao/bloco-de-rua/desfile/mama-me-olhando"
"SAIBA VIVER",11/02/2024,16:00,"RUA GONCALVES DIAS, 1440, Lourdes","https://portalbelohorizonte.com.br/carnaval/2024/programacao/bloco-de-rua/desfile/saiba-viver"
"BLOCO UNIDOS DA BEIRA LINHA",11/02/2024,16:00,"RUA ANTONIO MARIANO DE ABREU, 288, Paulo VI","https://portalbelohorizonte.com.br/carnaval/2024/programacao/bloco-de-rua/desfile/bloco-unidos-da-beira-linha"
"UNIDOS PELO MELHOR",11/02/2024,17:00,"RUA ELISIO DE BRITO, 950, São Geraldo","https://portalbelohorizonte.com.br/carnaval/2024/programacao/bloco-de-rua/desfile/unidos-pelo-melhor"
"BLOCO MACACO MALUCO",12/02/2024,08:00,"AVENIDA JOAO PINHEIRO, 232, Lourdes","https://portalbelohorizonte.com.br/carnaval/2024/programacao/bloco-de-rua/desfile/bloco-macaco-maluco"
"HAVAYANAS USADAS",12/02/2024,09:00,"AVENIDA DOS ANDRADAS, 3700, Pompéia","https://portalbelohorizonte.com.br/carnaval/2024/programacao/bloco-de-rua/desfile/havayanas-usadas"
"BLOCO CORTE DEVASSA",12/02/2024,09:00,"RUA SAPUCAI, 571, Floresta","https://portalbelohorizonte.com.br/carnaval/2024/programacao/bloco-de-rua/desfile/bloco-corte-devassa"
"BAIANAS OZADAS",12/02/2024,09:00,"AVENIDA AFONSO PENA, 601, Centro","https://portalbelohorizonte.com.br/carnaval/2024/programacao/bloco-de-rua/desfile/baianas-ozadas"
"BLOCO DA BIA",12/02/2024,09:00,"AVENIDA GUARAPARI, 1360, Santa Amélia","https://portalbelohorizonte.com.br/carnaval/2024/programacao/bloco-de-rua/desfile/bloco-da-bia"
"TROPICALIZE",12/02/2024,09:00,"RUA DOS TIMBIRAS, 725, Funcionários","https://portalbelohorizonte.com.br/carnaval/2024/programacao/bloco-de-rua/desfile/tropicalize"
"EBBLOCO",12/02/2024,09:30,"RUA VICENTE RISOLA, 11, Santa Inês","https://portalbelohorizonte.com.br/carnaval/2024/programacao/bloco-de-rua/desfile/ebbloco"
"BLOCO XIBIUZINHO",12/02/2024,09:30,"AVENIDA DOS ENGENHEIROS, 718, Castelo","https://portalbelohorizonte.com.br/carnaval/2024/programacao/bloco-de-rua/desfile/bloco-xibiuzinho"
"DAQUELE JEITO",12/02/2024,10:00,"AVENIDA ALVARES CABRAL, 352, Lourdes","https://portalbelohorizonte.com.br/carnaval/2024/programacao/bloco-de-rua/desfile/daquele-jeito"
"BELORINHO AXÉ RETRÔ",12/02/2024,10:00,"RUA FERNANDES TOURINHO, 253, Savassi","https://portalbelohorizonte.com.br/carnaval/2024/programacao/bloco-de-rua/desfile/belorinho-axe-retro"
"BLOCO NAO ACREDITO QUE TE BEIJEI UAI",12/02/2024,10:30,"AVENIDA SINFRONIO BROCHADO, 1237, Barreiro","https://portalbelohorizonte.com.br/carnaval/2024/programacao/bloco-de-rua/desfile/bloco-nao-acredito-que-te-beijei-uai"
"BOM BLOQUIU",12/02/2024,11:00,"PRACA DA BANDEIRA, 174, Cruzeiro","https://portalbelohorizonte.com.br/carnaval/2024/programacao/bloco-de-rua/desfile/bom-bloquiu"
"DEMORÔ KIDS",12/02/2024,11:00,"AVENIDA MAGENTA, 571, Vitória","https://portalbelohorizonte.com.br/carnaval/2024/programacao/bloco-de-rua/desfile/demoro-kids"
"UNIDOS DO BARRO PRETO",12/02/2024,11:00,"AVENIDA AUGUSTO DE LIMA, 1868, Barro Preto","https://portalbelohorizonte.com.br/carnaval/2024/programacao/bloco-de-rua/desfile/unidos-do-barro-preto"
"SOU BALCONEIRO SIM (QUEM QUISER VEM ATRAS DE MIM)",12/02/2024,11:00,"RUA FRANCISCO BICALHO, 1825, Caiçara-Adelaide","https://portalbelohorizonte.com.br/carnaval/2024/programacao/bloco-de-rua/desfile/sou-balconeiro-sim-quem-quiser-vem-atras-de-mim"
"ÔÔÔ GLÓRIA",12/02/2024,12:00,"RUA JOAO RAMALHO, 286, Glória","https://portalbelohorizonte.com.br/carnaval/2024/programacao/bloco-de-rua/desfile/ooo-gloria"
"UNIDOS DE SÃO VICENTE",12/02/2024,12:00,"PRACA PAULO SIGAUD, 23, Calafate","https://portalbelohorizonte.com.br/carnaval/2024/programacao/bloco-de-rua/desfile/unidos-de-sao-vicente-15743"
"XEQUE - BAILE",12/02/2024,12:00,"RUA SANTA RITA DURAO, 1263, Savassi","https://portalbelohorizonte.com.br/carnaval/2024/programacao/bloco-de-rua/desfile/xeque-baile"
"BLOCO ALALAOR",12/02/2024,12:00,"RUA PIROLOZITO, 7, Santa Tereza","https://portalbelohorizonte.com.br/carnaval/2024/programacao/bloco-de-rua/desfile/bloco-alalaor"
"BLOCO PÉ VERMEI",12/02/2024,13:00,"AVENIDA BUENO SIQUEIRA, 88, Santa Rosa","https://portalbelohorizonte.com.br/carnaval/2024/programacao/bloco-de-rua/desfile/bloco-pe-vermei"
"COLETIVO ERÊS: SAMBA DE COCO COQUISTAS DE TIA TOINHA E AFOXÉ ERÊS – MENSAGEIRAS DOS VENTOS",12/02/2024,13:00,"RUA IGUASSU, 540, Concórdia","https://portalbelohorizonte.com.br/carnaval/2024/programacao/bloco-de-rua/desfile/coletivo-eres-samba-de-coco-coquistas-de-tia-toinha-e-afoxe-eres-mensageiras-dos-ventos"
"QUINTAL DA DONA INÊS",12/02/2024,13:00,"RUA HORTENCIA, 741, Esplanada","https://portalbelohorizonte.com.br/carnaval/2024/programacao/bloco-de-rua/desfile/quintal-da-dona-ines"
"BLOCO LIBERDADE E ÁGUA LIMPA",12/02/2024,13:00,"RUA DOS OTONI, 69, Santa Efigênia","https://portalbelohorizonte.com.br/carnaval/2024/programacao/bloco-de-rua/desfile/bloco-liberdade-e-agua-limpa-16249"
"BLOCO DOS SUPER HERÓIS",12/02/2024,13:00,"RUA ARAGUARI, 1515, Santo Agostinho","https://portalbelohorizonte.com.br/carnaval/2024/programacao/bloco-de-rua/desfile/bloco-dos-super-herois"
"MARIA PRETINHA",12/02/2024,13:00,"AVENIDA GENERAL OLIMPIO MOURAO FILHO, 592, Itapoã","https://portalbelohorizonte.com.br/carnaval/2024/programacao/bloco-de-rua/desfile/maria-pretinha"
"TREM NA CABEÇA",12/02/2024,13:00,"AVENIDA BERNARDO MONTEIRO, 1586, Funcionários","https://portalbelohorizonte.com.br/carnaval/2024/programacao/bloco-de-rua/desfile/trem-na-cabeca-15947"
"BLOCO DA CINARA",12/02/2024,13:00,"RUA MARMORE, 161, Santa Tereza","https://portalbelohorizonte.com.br/carnaval/2024/programacao/bloco-de-rua/desfile/bloco-da-cinara"
"HÉLICE",12/02/2024,14:00,"PRACA GERALDO TORRES, 779, Padre Eustáquio","https://portalbelohorizonte.com.br/carnaval/2024/programacao/bloco-de-rua/desfile/helice-16005"
"PIPICHO",12/02/2024,14:00,"RUA SAI, 322, Graça","https://portalbelohorizonte.com.br/carnaval/2024/programacao/bloco-de-rua/desfile/pipicho"
"TIMBALEIROS DO GHETTO E MULHERES TIMBALEIRAS",12/02/2024,14:00,"RUA AARAO REIS, 534, Centro","https://portalbelohorizonte.com.br/carnaval/2024/programacao/bloco-de-rua/desfile/timbaleiros-do-ghetto-e-mulheres-timbaleiras"
"CORPO INDECENTE",12/02/2024,14:00,"AVENIDA JOAO PINHEIRO, 639, Boa Viagem","https://portalbelohorizonte.com.br/carnaval/2024/programacao/bloco-de-rua/desfile/corpo-indecente"
"LEGIÃO OESTE CITY",12/02/2024,14:00,"RUA JOAQUIM NABUCO, 175, Nova Suissa","https://portalbelohorizonte.com.br/carnaval/2024/programacao/bloco-de-rua/desfile/legiao-oeste-city"
"TROPA",12/02/2024,14:00,"RUA SANTA RITA DURAO, 1216, Savassi","https://portalbelohorizonte.com.br/carnaval/2024/programacao/bloco-de-rua/desfile/tropa"
"EU AMO MACACOS",12/02/2024,14:00,"RUA BRAZOPOLIS, 306, Floresta","https://portalbelohorizonte.com.br/carnaval/2024/programacao/bloco-de-rua/desfile/eu-amo-macacos"
"BLOCO LÁ VEM O NEGÃO",12/02/2024,14:00,"RUA DOS INCONFIDENTES, 855, Savassi","https://portalbelohorizonte.com.br/carnaval/2024/programacao/bloco-de-rua/desfile/bloco-la-vem-o-negao"
"BLOCO ME DEIXE",12/02/2024,14:00,"AVENIDA GETULIO VARGAS, 1517, Savassi","https://portalbelohorizonte.com.br/carnaval/2024/programacao/bloco-de-rua/desfile/bloco-me-deixe"
"BLOCO UAI SÔ!",12/02/2024,14:00,"AVENIDA GUARAPARI, 1289, Santa Amélia","https://portalbelohorizonte.com.br/carnaval/2024/programacao/bloco-de-rua/desfile/bloco-uai-so"
"BELÔ AFRÔ",12/02/2024,14:00,"RUA FERNANDES TOURINHO, 503, Savassi","https://portalbelohorizonte.com.br/carnaval/2024/programacao/bloco-de-rua/desfile/belo-afro"
"BLOCO DO FRAJOLA",12/02/2024,14:30,"RUA MAURA, 324, União","https://portalbelohorizonte.com.br/carnaval/2024/programacao/bloco-de-rua/desfile/bloco-do-frajola"
"BLOCO DA JUJU PAULINE",12/02/2024,14:30,"PRACA JORGE ALVES, 33, Guarani","https://portalbelohorizonte.com.br/carnaval/2024/programacao/bloco-de-rua/desfile/bloco-da-juju-pauline"
"BLOCO AND ROLL",12/02/2024,15:00,"AVENIDA AUGUSTO DE LIMA, 1600, Barro Preto","https://portalbelohorizonte.com.br/carnaval/2024/programacao/bloco-de-rua/desfile/bloco-and-roll"
"O LEÃO DA LAGOINHA",12/02/2024,15:00,"RUA ITAPECERICA, 962, Lagoinha","https://portalbelohorizonte.com.br/carnaval/2024/programacao/bloco-de-rua/desfile/o-leao-da-lagoinha"
"BLOCO SOU VERMELHO",12/02/2024,15:00,"AVENIDA ALVARES CABRAL, 344, Lourdes","https://portalbelohorizonte.com.br/carnaval/2024/programacao/bloco-de-rua/desfile/bloco-sou-vermelho"
"BLOCO RASTAXÉ",12/02/2024,15:00,"PRACA SANTA RITA, 131, Esplanada","https://portalbelohorizonte.com.br/carnaval/2024/programacao/bloco-de-rua/desfile/bloco-rastaxe-15590"
"AXÉ RETRO DO MARAO",12/02/2024,15:30,"RUA PEDRO SIGAUD, 360, Grajaú","https://portalbelohorizonte.com.br/carnaval/2024/programacao/bloco-de-rua/desfile/axe-retro-do-marao"
"ARRASTÃO ELETRÔNICO",12/02/2024,15:30,"AVENIDA DOS ANDRADAS, 841, Centro","https://portalbelohorizonte.com.br/carnaval/2024/programacao/bloco-de-rua/desfile/arrastao-eletronico"
"SALVEOVERDE",12/02/2024,15:30,"RUA MARTIM FRANCISCO ANDRADA, 138, Mineirão","https://portalbelohorizonte.com.br/carnaval/2024/programacao/bloco-de-rua/desfile/salveoverde"
"NISSÃO FOLIA",12/02/2024,16:00,"RUA BERNARDO FERREIRA DA CRUZ, 25, Venda Nova","https://portalbelohorizonte.com.br/carnaval/2024/programacao/bloco-de-rua/desfile/nissao-folia"
"CONEXÃO AFRICAN BEAT",12/02/2024,16:00,"PRACA DA LIBERDADE, 95, Savassi","https://portalbelohorizonte.com.br/carnaval/2024/programacao/bloco-de-rua/desfile/conexao-african-beat-15859"
"BLOCO DA HORNY",12/02/2024,16:00,"RUA SAPUCAI, 571, Floresta","https://portalbelohorizonte.com.br/carnaval/2024/programacao/bloco-de-rua/desfile/bloco-da-horny"
"BLOCO LOVE/PARANOIA",12/02/2024,16:00,"PRACA COMENDADOR NEGRAO DE LIMA, 60, Floresta","https://portalbelohorizonte.com.br/carnaval/2024/programacao/bloco-de-rua/desfile/bloco-love-paranoia"
"BLOCO CIRCULOU BH",12/02/2024,16:00,"AVENIDA DOS ENGENHEIROS, 670, Castelo","https://portalbelohorizonte.com.br/carnaval/2024/programacao/bloco-de-rua/desfile/bloco-circulou-bh-16087"
"BLOCO CIRCULOU BH",13/02/2024,08:00,"AVENIDA DOS ENGENHEIROS, 826, Castelo","https://portalbelohorizonte.com.br/carnaval/2024/programacao/bloco-de-rua/desfile/bloco-circulou-bh-16088"
"BLOCO KEBRAE",13/02/2024,09:00,"RUA SERGIPE, 811, Savassi","https://portalbelohorizonte.com.br/carnaval/2024/programacao/bloco-de-rua/desfile/bloco-kebrae"
"BLOCO DO ODILARA",13/02/2024,09:00,"RUA MARMORE, 179, Santa Tereza","https://portalbelohorizonte.com.br/carnaval/2024/programacao/bloco-de-rua/desfile/bloco-do-odilara"
"TRUCK DO DESEJO",13/02/2024,09:00,"AVENIDA BRASIL, 1200, Funcionários","https://portalbelohorizonte.com.br/carnaval/2024/programacao/bloco-de-rua/desfile/truck-do-desejo"
"BLOCO MAGNÓLIA",13/02/2024,09:00,"AVENIDA AMERICO VESPUCIO, 2025, Nova Esperança","https://portalbelohorizonte.com.br/carnaval/2024/programacao/bloco-de-rua/desfile/bloco-magnolia"
"CHOCOLATES ARTE MANIA",13/02/2024,09:00,"RUA SAPUCAI, 571, Floresta","https://portalbelohorizonte.com.br/carnaval/2024/programacao/bloco-de-rua/desfile/chocolates-arte-mania"
"BORA PRO NOBIS",13/02/2024,09:00,"AVENIDA DOS BANDEIRANTES, 1066, Comiteco","https://portalbelohorizonte.com.br/carnaval/2024/programacao/bloco-de-rua/desfile/bora-pro-nobis"
"BLOCO COCO DA GENTE",13/02/2024,09:00,"RUA AMETISTA, 178, Vila Dias","https://portalbelohorizonte.com.br/carnaval/2024/programacao/bloco-de-rua/desfile/bloco-coco-da-gente"
"BLOCO FITA AMARELA",13/02/2024,09:00,"AVENIDA PETROLINA, 195, Sagrada Família","https://portalbelohorizonte.com.br/carnaval/2024/programacao/bloco-de-rua/desfile/bloco-fita-amarela"
"BLOCO DO VÔ MANOEL DE ARUANDA",13/02/2024,10:00,"RUA EVARISTO DA VEIGA, 140, Senhor dos Passos","https://portalbelohorizonte.com.br/carnaval/2024/programacao/bloco-de-rua/desfile/bloco-do-vo-manoel-de-aruanda-15584"
"BLOCO PUTZ GRILLA",13/02/2024,10:00,"AVENIDA GETULIO VARGAS, 1657, Savassi","https://portalbelohorizonte.com.br/carnaval/2024/programacao/bloco-de-rua/desfile/bloco-putz-grilla"
"BLOCO CHEGA O REI",13/02/2024,10:00,"RUA FREI CONCEICAO VELOSO, 213, João Pinheiro","https://portalbelohorizonte.com.br/carnaval/2024/programacao/bloco-de-rua/desfile/bloco-chega-o-rei"
"BLOCO FURIA LATINA (ANTIGO BLOCO DUROCK)",13/02/2024,10:00,"AVENIDA CRISTOVAO COLOMBO, 571, Savassi","https://portalbelohorizonte.com.br/carnaval/2024/programacao/bloco-de-rua/desfile/bloco-furia-latina-antigo-bloco-durock-16204"
"BATA.TERIA",13/02/2024,11:30,"RUA FERNAO DIAS, 1103, Alto Vera Cruz","https://portalbelohorizonte.com.br/carnaval/2024/programacao/bloco-de-rua/desfile/bata-teria"
"CARNA FLORA",13/02/2024,12:00,"RUA JOSE SOARES, 134, Floramar","https://portalbelohorizonte.com.br/carnaval/2024/programacao/bloco-de-rua/desfile/carna-flora"
"BLOCO DU SÔ TCHÉ",13/02/2024,12:00,"RUA PADRE JOSE ALVES, 318, São Paulo","https://portalbelohorizonte.com.br/carnaval/2024/programacao/bloco-de-rua/desfile/bloco-du-so-tche"
"TIOZOES DO PAGODE",13/02/2024,12:00,"RUA MATO GROSSO, 353, Barro Preto","https://portalbelohorizonte.com.br/carnaval/2024/programacao/bloco-de-rua/desfile/tiozoes-do-pagode"
"ORDINÁÁÁRIOS E REBOBINA BH FM",13/02/2024,13:00,"AVENIDA AFONSO PENA, 867, Centro","https://portalbelohorizonte.com.br/carnaval/2024/programacao/bloco-de-rua/desfile/ordinaaarios-e-rebobina-bh-fm"
"QUEM NÃO AGUENTA BEBE LEITE - BLOCO DA BANDA GRATA DOSE",13/02/2024,13:00,"RUA SERGIPE, 811, Savassi","https://portalbelohorizonte.com.br/carnaval/2024/programacao/bloco-de-rua/desfile/quem-nao-aguenta-bebe-leite-bloco-da-banda-grata-dose"
"MARIA BADERNA",13/02/2024,13:00,"RUA MARMORE, 273, Santa Tereza","https://portalbelohorizonte.com.br/carnaval/2024/programacao/bloco-de-rua/desfile/maria-baderna"
"BLOCO ELIS IDEAL",13/02/2024,13:00,"RUA ELI SEABRA FILHO, 555, Buritis","https://portalbelohorizonte.com.br/carnaval/2024/programacao/bloco-de-rua/desfile/bloco-elis-ideal"
"BLOCO BREGA CHIC",13/02/2024,13:30,"RUA FAISAO, 1071, Flávio Marques Lisboa","https://portalbelohorizonte.com.br/carnaval/2024/programacao/bloco-de-rua/desfile/bloco-brega-chic"
"BLOCO ESPERANDO O METRÔ",13/02/2024,13:30,"RUA BARAO DE COROMANDEL, 683, Barreiro","https://portalbelohorizonte.com.br/carnaval/2024/programacao/bloco-de-rua/desfile/bloco-esperando-o-metro"
"null",13/02/2024,14:00,"AVENIDA JOAO PINHEIRO, 232, Lourdes","https://portalbelohorizonte.com.br/carnaval/2024/programacao/bloco-de-rua/desfile/bloco-do-seba-abre-alas-pro-caboclinho"
"BLOCO DA GUITARRINHA",13/02/2024,14:00,"RUA ITAQUERA, 1166, Graça","https://portalbelohorizonte.com.br/carnaval/2024/programacao/bloco-de-rua/desfile/bloco-da-guitarrinha"
"BARTUCADA",13/02/2024,14:00,"AVENIDA BRASIL, 1145, Funcionários","https://portalbelohorizonte.com.br/carnaval/2024/programacao/bloco-de-rua/desfile/bartucada"
"BLOCO DO JILO",13/02/2024,14:00,"RUA CONTAGEM, 762, Boa Vista","https://portalbelohorizonte.com.br/carnaval/2024/programacao/bloco-de-rua/desfile/bloco-do-jilo-16167"
"SBC SAMBA, BOBAGEM E CERVEJA",13/02/2024,14:00,"RUA VILA RICA, 1315, Jardim Montanhês","https://portalbelohorizonte.com.br/carnaval/2024/programacao/bloco-de-rua/desfile/sbc-samba-bobagem-e-cerveja"
"LAVÔ, TA NOVO!",13/02/2024,14:00,"RUA BRAZOPOLIS, 104, Floresta","https://portalbelohorizonte.com.br/carnaval/2024/programacao/bloco-de-rua/desfile/lavo-ta-novo"
"BLOCO ECLÉTICOS POP",13/02/2024,14:30,"AVENIDA HENFIL, 55, Santa Terezinha","https://portalbelohorizonte.com.br/carnaval/2024/programacao/bloco-de-rua/desfile/bloco-ecleticos-pop"
"BLOCO ARRASTA BLOCO DE FAVELA",13/02/2024,14:30,"RUA BRAGANCA, 4, Coqueiros","https://portalbelohorizonte.com.br/carnaval/2024/programacao/bloco-de-rua/desfile/bloco-arrasta-bloco-de-favela"
"BAQUE DE MINA",13/02/2024,14:30,"AVENIDA CARANDAI, 448, Santa Efigênia","https://portalbelohorizonte.com.br/carnaval/2024/programacao/bloco-de-rua/desfile/baque-de-mina"
"MADE IN BRAZIL",13/02/2024,15:00,"RUA SAPUCAI, 105, Floresta","https://portalbelohorizonte.com.br/carnaval/2024/programacao/bloco-de-rua/desfile/made-in-brazil"
"BLOCO DO CARLÃO",13/02/2024,15:00,"RUA ALTEROSA, 12, Calafate","https://portalbelohorizonte.com.br/carnaval/2024/programacao/bloco-de-rua/desfile/bloco-do-carlao"
"BLOCO DO PESCOÇÃO",13/02/2024,15:00,"AVENIDA ALVARES CABRAL, 414, Lourdes","https://portalbelohorizonte.com.br/carnaval/2024/programacao/bloco-de-rua/desfile/bloco-do-pescocao"
"AXE DAS ANTIGAS",13/02/2024,15:00,"AVENIDA ANTONIO ABRAHAO CARAM, 960, São José","https://portalbelohorizonte.com.br/carnaval/2024/programacao/bloco-de-rua/desfile/axe-das-antigas"
"ENCHE MEU COPO",13/02/2024,16:00,"PRACA SANTA RITA, 131, Esplanada","https://portalbelohorizonte.com.br/carnaval/2024/programacao/bloco-de-rua/desfile/enche-meu-copo-15992"
"ALÔ CLARA",13/02/2024,16:00,"AVENIDA CLARA NUNES, 97, Renascença","https://portalbelohorizonte.com.br/carnaval/2024/programacao/bloco-de-rua/desfile/alo-clara"
"MIENTRAS DURA",13/02/2024,16:00,"RUA SILVA ALVARENGA, 476, São Geraldo","https://portalbelohorizonte.com.br/carnaval/2024/programacao/bloco-de-rua/desfile/mientras-dura"
"BLOCO DA EVA",13/02/2024,16:00,"RUA MATIAS BARBOSA, 19, Floresta","https://portalbelohorizonte.com.br/carnaval/2024/programacao/bloco-de-rua/desfile/bloco-da-eva"
"SAMBÔ SÃO SALVADOR",13/02/2024,16:00,"RUA PALESTINA, 830, São Salvador","https://portalbelohorizonte.com.br/carnaval/2024/programacao/bloco-de-rua/desfile/sambo-sao-salvador"
"REBENTÃO",13/02/2024,17:00,"RUA SAMBEM, 20, Betânia","https://portalbelohorizonte.com.br/carnaval/2024/programacao/bloco-de-rua/desfile/rebentao"
"BLOCO AFRO MAGIA NEGRA",14/02/2024,12:00,"RUA ITARARE, 96, Concórdia","https://portalbelohorizonte.com.br/carnaval/2024/programacao/bloco-de-rua/desfile/bloco-afro-magia-negra"
"BLOCO I WANNA LOVE YOU",14/02/2024,14:00,"RUA CABROBO, 327, Sagrada Família","https://portalbelohorizonte.com.br/carnaval/2024/programacao/bloco-de-rua/desfile/bloco-i-wanna-love-you"
"BABADAN BANDA DE RUA",14/02/2024,14:00,"RUA DIAMANTINA, 274, Colégio Batista","https://portalbelohorizonte.com.br/carnaval/2024/programacao/bloco-de-rua/desfile/babadan-banda-de-rua-16261"
"KATOPÉ",14/02/2024,14:00,"RUA ARTUR DE SA, 84, União","https://portalbelohorizonte.com.br/carnaval/2024/programacao/bloco-de-rua/desfile/katope-16061"
"BLOCO DA SAUDADE",14/02/2024,15:30,"RUA ARCOS, 707, Saudade","https://portalbelohorizonte.com.br/carnaval/2024/programacao/bloco-de-rua/desfile/bloco-da-saudade"
"OS MENINOS DA MEIA-NOITE",14/02/2024,17:00,"PRACA SANTA RITA, 131, Esplanada","https://portalbelohorizonte.com.br/carnaval/2024/programacao/bloco-de-rua/desfile/os-meninos-da-meia-noite-15581"
"COISAS DA RITA",16/02/2024,19:00,"AVENIDA BERNARDO MONTEIRO, 1567, Funcionários","https://portalbelohorizonte.com.br/carnaval/2024/programacao/bloco-de-rua/desfile/coisas-da-rita"
"BLOCO SOL NA MÃO DA CASA FUNDAMENTAL",17/02/2024,08:00,"RUA CASTELO DE LISBOA, 306, Castelo","https://portalbelohorizonte.com.br/carnaval/2024/programacao/bloco-de-rua/desfile/bloco-sol-na-mao-da-casa-fundamental"
"ZIRIGGYDUM STARDUST",17/02/2024,09:00,"RUA DAVID CAMPISTA, 42, Floresta","https://portalbelohorizonte.com.br/carnaval/2024/programacao/bloco-de-rua/desfile/ziriggydum-stardust"
"PRIMEIROS PASSOS",17/02/2024,09:00,"RUA CRISTINA, 158, Anchieta","https://portalbelohorizonte.com.br/carnaval/2024/programacao/bloco-de-rua/desfile/primeiros-passos"
"BLOCO DO VAUDISNEY",17/02/2024,09:00,"RUA AUREO DRUMMOND, 296, Casa Branca","https://portalbelohorizonte.com.br/carnaval/2024/programacao/bloco-de-rua/desfile/bloco-do-vaudisney"
"BLOCO DA MENINADA DO CLIC",17/02/2024,09:30,"RUA TUPACIGUARA, 108, São Pedro","https://portalbelohorizonte.com.br/carnaval/2024/programacao/bloco-de-rua/desfile/bloco-da-meninada-do-clic"
"BLOCO UNIDUS DO GOLO",17/02/2024,12:30,"RUA FORMOSA, 293, Santa Tereza","https://portalbelohorizonte.com.br/carnaval/2024/programacao/bloco-de-rua/desfile/bloco-unidus-do-golo"
"ESTIVALOUCOS",17/02/2024,13:00,"RUA JOAO FERREIRA DA SILVA, 245, Maria Helena","https://portalbelohorizonte.com.br/carnaval/2024/programacao/bloco-de-rua/desfile/estivaloucos"
"MINEIRASYSTEM",17/02/2024,13:00,"RUA BELEM, 1076, Pompéia","https://portalbelohorizonte.com.br/carnaval/2024/programacao/bloco-de-rua/desfile/mineirasystem"
"BLOCO DO ZECA PET",17/02/2024,13:00,"PRACA PADRE DINO BARBIERO, 10, São Luíz","https://portalbelohorizonte.com.br/carnaval/2024/programacao/bloco-de-rua/desfile/bloco-do-zeca-pet"
"DOMILINDRÓ",17/02/2024,13:00,"RUA AARAO REIS, 510, Centro","https://portalbelohorizonte.com.br/carnaval/2024/programacao/bloco-de-rua/desfile/domilindro"
"BITUCA BEATS & ZULU NATION",17/02/2024,14:00,"RUA VIOLETA DE MELO, 47, Jardim São José","https://portalbelohorizonte.com.br/carnaval/2024/programacao/bloco-de-rua/desfile/bituca-beats-and-zulu-nation"
"BLOCO GANDAHIA",17/02/2024,14:00,"AVENIDA AGGEO PIO SOBRINHO, 416, Buritis","https://portalbelohorizonte.com.br/carnaval/2024/programacao/bloco-de-rua/desfile/bloco-gandahia"
"BLOCO TRANSBORDA",17/02/2024,14:00,"RUA MONTE VERDE, 364, São Salvador","https://portalbelohorizonte.com.br/carnaval/2024/programacao/bloco-de-rua/desfile/bloco-transborda"
"BLOCO MALUKOFONIA - OS SONS DAS PERIFERIAS",17/02/2024,14:00,"AVENIDA BRASIL, 1145, Funcionários","https://portalbelohorizonte.com.br/carnaval/2024/programacao/bloco-de-rua/desfile/bloco-malukofonia-os-sons-das-periferias"
"MEU TIO É TIA",17/02/2024,14:00,"AVENIDA PADRE JOSE NASCIMENTO, 225, Bairro das Indústrias I","https://portalbelohorizonte.com.br/carnaval/2024/programacao/bloco-de-rua/desfile/meu-tio-e-tia"
"ABALACHITA",17/02/2024,14:00,"RUA CONCEICAO DO MATO DENTRO, 67, Colégio Batista","https://portalbelohorizonte.com.br/carnaval/2024/programacao/bloco-de-rua/desfile/abalachita"
"KATOPÉ",17/02/2024,14:00,"RUA ARTUR DE SA, 1183, União","https://portalbelohorizonte.com.br/carnaval/2024/programacao/bloco-de-rua/desfile/katope-16068"
"CARNAFOLIA",17/02/2024,15:00,"AVENIDA CLARA NUNES, 92, Renascença","https://portalbelohorizonte.com.br/carnaval/2024/programacao/bloco-de-rua/desfile/carnafolia"
"INIMIGOS DO FIM",17/02/2024,15:00,"RUA MARCO AURELIO DE MIRANDA, 400, Buritis","https://portalbelohorizonte.com.br/carnaval/2024/programacao/bloco-de-rua/desfile/inimigos-do-fim"
"VAI QUEM QUER , VOLTA QUEM PUDER",17/02/2024,15:00,"AVENIDA AFONSO PENA, 1136, Centro","https://portalbelohorizonte.com.br/carnaval/2024/programacao/bloco-de-rua/desfile/vai-quem-quer-volta-quem-puder"
"BLOCO MÁFIA AZUL",17/02/2024,15:00,"RUA DOS GUAJAJARAS, 1707, Barro Preto","https://portalbelohorizonte.com.br/carnaval/2024/programacao/bloco-de-rua/desfile/bloco-mafia-azul"
"BLOCO RASTA",17/02/2024,16:00,"RUA WASHINGTON LUIZ, 1128, Vila Aeroporto","https://portalbelohorizonte.com.br/carnaval/2024/programacao/bloco-de-rua/desfile/bloco-rasta-16288"
"FESTIVAL INTERNACIONAL DE CARNAVAL",17/02/2024,16:00,"RUA BRAGANCA, 4, Coqueiros","https://portalbelohorizonte.com.br/carnaval/2024/programacao/bloco-de-rua/desfile/festival-internacional-de-carnaval"
"CERCADINHO ÁGUAS, HISTÓRIA DE BH,PATRIMÔNIIO BIOFERA",18/02/2024,09:00,"RUA DESEMBARGADOR AMILCAR DE CASTRO, 601, Estoril","https://portalbelohorizonte.com.br/carnaval/2024/programacao/bloco-de-rua/desfile/cercadinho-aguas-historia-de-bh-patrimoniio-biofera"
"BLOCO DOS SUPER AMIGOS",18/02/2024,09:00,"RUA ARAGUARI, 1577, Santo Agostinho","https://portalbelohorizonte.com.br/carnaval/2024/programacao/bloco-de-rua/desfile/bloco-dos-super-amigos"
"BLOCO LUA DE CRIXTAL",18/02/2024,09:00,"RUA AARAO REIS, 570, Centro","https://portalbelohorizonte.com.br/carnaval/2024/programacao/bloco-de-rua/desfile/bloco-lua-de-crixtal"
"RITALULU",18/02/2024,10:00,"PRACA CAPELA NOVA, 122, Minas Brasil","https://portalbelohorizonte.com.br/carnaval/2024/programacao/bloco-de-rua/desfile/ritalulu"
"MORABLOCO",18/02/2024,11:00,"AVENIDA FLEMING, 1200, Ouro Preto","https://portalbelohorizonte.com.br/carnaval/2024/programacao/bloco-de-rua/desfile/morabloco-16315"
"BLOCO DA ANNINHA",18/02/2024,12:00,"AVENIDA DOS ENGENHEIROS, 564, Castelo","https://portalbelohorizonte.com.br/carnaval/2024/programacao/bloco-de-rua/desfile/bloco-da-anninha"
"UNIDOS COM MIRAGO",18/02/2024,12:00,"RUA CAPIM BRANCO, 395, Vista Alegre","https://portalbelohorizonte.com.br/carnaval/2024/programacao/bloco-de-rua/desfile/unidos-com-mirago-16301"
"SARAVÁ DO KIZOMBA",18/02/2024,12:00,"RUA SAO TIAGO, 197, Paraíso","https://portalbelohorizonte.com.br/carnaval/2024/programacao/bloco-de-rua/desfile/sarava-do-kizomba"
"FILHAS DE CLARA",18/02/2024,13:30,"AVENIDA CLARA NUNES, 88, Renascença","https://portalbelohorizonte.com.br/carnaval/2024/programacao/bloco-de-rua/desfile/filhas-de-clara"
"BLOCO CET",18/02/2024,14:00,"RUA ANTAO GONCALVES, 260, Taquaril","https://portalbelohorizonte.com.br/carnaval/2024/programacao/bloco-de-rua/desfile/bloco-cet-16186"
"BLOCO SANTA FOLIA",18/02/2024,15:00,"RUA JOSE CLETO, 733, Santa Cruz","https://portalbelohorizonte.com.br/carnaval/2024/programacao/bloco-de-rua/desfile/bloco-santa-folia"
"BLOCO SEM MANICÔMIOS E SEM PRISÕES",18/02/2024,15:00,"RUA ESTRELA DO SUL, 39, Santa Tereza","https://portalbelohorizonte.com.br/carnaval/2024/programacao/bloco-de-rua/desfile/bloco-sem-manicomios-e-sem-prisoes"
"BLOCO SWING SAFADO",18/02/2024,16:00,"RUA DO MERCADO, 118, São Bento","https://portalbelohorizonte.com.br/carnaval/2024/programacao/bloco-de-rua/desfile/bloco-swing-safado-16214"
"BLOCO RASTA",18/02/2024,16:00,"RUA CECILIA PINTO, 16, Vila Aeroporto","https://portalbelohorizonte.com.br/carnaval/2024/programacao/bloco-de-rua/desfile/bloco-rasta-16292"
"BLOCO DO CLAUDINHO",18/02/2024,16:00,"RUA ALBERTO CINTRA, 24, União","https://portalbelohorizonte.com.br/carnaval/2024/programacao/bloco-de-rua/desfile/bloco-do-claudinho"
"BLOCO DO MADRUGA",18/02/2024,16:00,"ESTRADA DO CERCADINHO, 2637, Ventosa","https://portalbelohorizonte.com.br/carnaval/2024/programacao/bloco-de-rua/desfile/bloco-do-madruga"
"CORRENTE DO BEM",18/02/2024,17:00,"RUA ELISIO DE BRITO, 950, São Geraldo","https://portalbelohorizonte.com.br/carnaval/2024/programacao/bloco-de-rua/desfile/corrente-do-bem"